2017;25;2017.06.21.;1;139 686 755 Ft;62;299 880 Ft;3319;5 600 Ft;46667;1 255 Ft;9;11;13;20;24;25;32;3;6;9;16;23;32;33
2017;24;2017.06.14.;0;0 Ft;54;358 705 Ft;2524;7 675 Ft;41460;1 475 Ft;14;15;18;21;23;25;34;1;4;10;28;30;32;34
2017;23;2017.06.07.;0;0 Ft;61;279 760 Ft;3080;5 540 Ft;44738;1 205 Ft;2;7;15;21;27;28;31;8;12;13;16;21;28;31
2017;22;2017.05.31.;1;187 930 615 Ft;76;240 930 Ft;2959;6 190 Ft;41399;1 395 Ft;4;12;14;25;29;31;34;2;6;8;20;21;25;34
2017;21;2017.05.24.;0;0 Ft;70;262 035 Ft;3290;5 575 Ft;46607;1 240 Ft;2;3;4;14;18;22;26;11;13;17;21;25;31;35
2017;20;2017.05.17.;0;0 Ft;58;320 505 Ft;3202;5 805 Ft;45238;1 295 Ft;5;11;14;15;26;27;35;1;3;5;11;13;14;28
2017;19;2017.05.10.;0;0 Ft;75;250 545 Ft;2979;6 310 Ft;43468;1 365 Ft;1;11;15;17;23;26;34;8;9;12;20;25;28;33
2017;18;2017.05.03.;2;128 357 415 Ft;215;90 000 Ft;6324;3 060 Ft;67623;900 Ft;4;8;17;23;31;32;34;3;7;9;11;18;21;33
2017;17;2017.04.26.;0;0 Ft;71;272 090 Ft;3096;6 240 Ft;48305;1 260 Ft;2;4;5;20;24;26;28;1;9;10;13;18;21;27
2017;16;2017.04.19.;0;0 Ft;41;428 945 Ft;2033;8 650 Ft;36997;1 500 Ft;2;3;14;15;17;19;31;10;11;12;13;16;29;32
2017;15;2017.04.12.;0;0 Ft;145;128 720 Ft;3851;4 845 Ft;50556;1 165 Ft;18;19;21;22;25;31;35;5;9;11;19;22;28;35
2017;14;2017.04.05.;0;0 Ft;75;233 925 Ft;2911;6 025 Ft;42942;1 290 Ft;4;8;11;13;26;27;30;13;15;23;25;27;28;29
2017;13;2017.03.29.;3;46 108 085 Ft;108;170 125 Ft;3919;4 690 Ft;47625;1 215 Ft;4;7;11;16;28;30;32;5;8;11;18;20;21;34
2017;12;2017.03.22.;0;0 Ft;62;299 675 Ft;2665;6 970 Ft;41142;1 425 Ft;1;6;7;12;18;25;35;1;4;5;8;20;21;34
2017;11;2017.03.15.;0;0 Ft;70;250 540 Ft;3009;5 830 Ft;42871;1 290 Ft;14;17;27;29;30;31;33;1;4;10;17;19;20;31
2017;10;2017.03.08.;1;46 791 010 Ft;46;400 715 Ft;2863;6 440 Ft;46941;1 240 Ft;7;8;11;12;29;32;33;3;4;8;14;19;27;31
2017;9;2017.03.01.;1;150 954 370 Ft;78;251 855 Ft;2934;6 695 Ft;47873;1 295 Ft;3;4;5;18;19;24;29;8;10;13;18;19;21;26
2017;8;2017.02.22.;0;0 Ft;69;287 945 Ft;2757;7 205 Ft;42946;1 460 Ft;4;17;21;22;25;26;27;1;12;19;26;27;29;35
2017;7;2017.02.15.;0;0 Ft;47;424 550 Ft;2704;7 380 Ft;43932;1 430 Ft;3;7;10;26;27;32;34;2;4;16;17;20;22;30
2017;6;2017.02.08.;1;92 553 535 Ft;155;124 470 Ft;4385;4 400 Ft;53222;1 145 Ft;3;8;14;17;20;28;32;2;5;9;19;25;30;31
2017;5;2017.02.01.;0;0 Ft;62;276 905 Ft;2689;6 385 Ft;41752;1 295 Ft;7;18;22;24;25;32;33;6;8;10;16;21;22;23
2017;4;2017.01.25.;1;94 734 315 Ft;80;232 780 Ft;3170;5 875 Ft;44534;1 320 Ft;4;12;14;23;25;30;34;6;8;10;14;15;17;29
2017;3;2017.01.18.;0;0 Ft;60;311 620 Ft;2619;7 140 Ft;40393;1 460 Ft;1;9;15;16;20;28;33;4;6;10;21;23;24;28
2017;2;2017.01.11.;1;46 809 455 Ft;42;439 050 Ft;3128;5 895 Ft;49544;1 175 Ft;2;3;5;8;15;23;33;7;11;16;17;22;23;34
2017;1;2017.01.04.;1;145 888 155 Ft;81;242 580 Ft;3110;6 320 Ft;44359;1 395 Ft;1;6;8;12;22;25;31;2;9;11;14;16;19;26
2016;52;2016.12.28.;0;0 Ft;47;405 040 Ft;2433;7 825 Ft;39896;1 505 Ft;12;16;22;25;29;30;32;5;22;23;24;26;27;34
2016;51;2016.12.21.;0;0 Ft;84;223 635 Ft;3579;5 250 Ft;50924;1 165 Ft;3;4;7;10;12;22;33;8;10;16;19;24;31;33
2016;50;2016.12.14.;1;550 716 435 Ft;129;186 260 Ft;4683;5 130 Ft;63351;1 195 Ft;1;4;7;13;20;23;29;5;16;21;22;23;28;32
2016;49;2016.12.07.;0;0 Ft;123;189 470 Ft;4916;4 740 Ft;65746;1 120 Ft;4;8;15;21;27;30;34;3;5;7;17;18;24;32
2016;48;2016.11.30.;0;0 Ft;68;320 150 Ft;3191;6 820 Ft;52195;1 315 Ft;3;4;8;13;14;17;30;3;14;15;20;22;23;29
2016;47;2016.11.23.;0;0 Ft;82;266 520 Ft;3593;6 085 Ft;53893;1 280 Ft;2;3;10;13;14;20;27;5;6;14;19;23;26;29
2016;46;2016.11.16.;0;0 Ft;60;377 750 Ft;2891;7 840 Ft;47304;1 510 Ft;2;21;22;26;30;32;35;2;4;11;21;23;25;30
2016;45;2016.11.09.;0;0 Ft;56;369 910 Ft;2712;7 640 Ft;44729;1 355 Ft;2;5;6;15;20;21;34;6;11;19;20;22;23;32
2016;44;2016.11.02.;0;0 Ft;111;166 265 Ft;3993;4 620 Ft;55639;970 Ft;2;3;7;16;21;26;29;1;5;7;9;19;23;34
2016;43;2016.10.26.;0;0 Ft;83;238 490 Ft;3579;5 530 Ft;48899;1 185 Ft;10;16;17;19;26;30;33;1;3;5;10;21;24;35
2016;42;2016.10.19.;0;0 Ft;113;179 480 Ft;4266;4 755 Ft;55122;1 080 Ft;5;17;19;22;28;31;35;6;13;17;25;26;33;34
2016;41;2016.10.12.;0;0 Ft;115;178 640 Ft;4731;4 340 Ft;64217;935 Ft;7;17;18;19;25;28;35;4;8;14;21;23;28;33
2016;40;2016.10.05.;0;0 Ft;131;142 470 Ft;3117;5 990 Ft;45059;1 215 Ft;1;3;4;5;9;19;35;6;8;10;31;32;34;35
2016;39;2016.09.28.;2;206 632 795 Ft;123;191 080 Ft;5055;4 650 Ft;63139;1 090 Ft;3;17;24;25;28;31;34;2;6;18;20;21;25;28
2016;38;2016.09.21.;0;0 Ft;88;254 065 Ft;3974;5 625 Ft;57133;1 145 Ft;5;8;19;20;23;31;34;1;4;12;18;22;23;30
2016;37;2016.09.14.;0;0 Ft;92;239 115 Ft;4125;5 335 Ft;58519;1 100 Ft;9;17;19;22;23;26;30;7;10;16;23;26;27;33
2016;36;2016.09.07.;0;0 Ft;56;373 830 Ft;3139;6 670 Ft;52958;1 160 Ft;3;9;13;14;15;26;27;11;13;18;24;25;30;33
2016;35;2016.08.31.;0;0 Ft;80;252 345 Ft;3853;5 240 Ft;54345;1 090 Ft;5;12;18;21;29;30;31;8;19;23;24;26;28;32
2016;34;2016.08.24.;0;0 Ft;82;241 330 Ft;3619;5 470 Ft;51125;1 135 Ft;1;2;20;26;30;31;34;3;8;9;19;23;25;33
2016;33;2016.08.17.;0;0 Ft;107;188 880 Ft;3153;6 410 Ft;46747;1 265 Ft;6;11;24;30;32;33;34;1;7;14;21;22;30;32
2016;32;2016.08.10.;0;0 Ft;67;292 845 Ft;3301;5 945 Ft;54599;1 050 Ft;5;7;10;18;19;21;23;2;4;5;7;29;31;32
2016;31;2016.08.03.;0;0 Ft;49;368 070 Ft;2638;6 835 Ft;44303;1 190 Ft;6;8;14;20;21;24;35;2;3;5;19;29;30;33
2016;30;2016.07.27.;1;165 458 130 Ft;116;162 540 Ft;4750;3 970 Ft;59307;930 Ft;13;16;18;25;26;32;35;5;7;11;13;18;23;27
2016;29;2016.07.20.;0;0 Ft;90;212 135 Ft;3214;5 940 Ft;45016;1 240 Ft;6;8;10;18;31;32;34;2;8;16;24;26;33;35
2016;28;2016.07.13.;0;0 Ft;54;350 190 Ft;3196;5 915 Ft;49506;1 120 Ft;2;6;9;10;15;17;31;2;3;9;19;25;28;29
2016;27;2016.07.06.;0;0 Ft;46;388 385 Ft;2347;7 610 Ft;38080;1 375 Ft;1;4;9;12;15;16;34;10;11;15;22;27;30;35
2016;26;2016.06.29.;1;171 441 250 Ft;79;238 585 Ft;3474;5 425 Ft;49072;1 125 Ft;13;15;16;20;22;32;34;4;12;17;19;22;27;30
2016;25;2016.06.22.;0;0 Ft;74;261 860 Ft;3288;5 895 Ft;45339;1 250 Ft;4;5;11;18;20;31;35;3;4;6;11;14;25;30
2016;24;2016.06.15.;0;0 Ft;50;406 410 Ft;3214;6 325 Ft;48030;1 240 Ft;14;15;17;20;24;26;33;5;9;10;18;28;29;34
2016;23;2016.06.08.;0;0 Ft;74;255 115 Ft;3170;5 955 Ft;48523;1 140 Ft;2;5;23;28;31;32;34;2;7;14;18;21;23;26
2016;22;2016.06.01.;1;39 089 050 Ft;103;171 390 Ft;3303;5 345 Ft;46664;1 110 Ft;3;4;6;8;31;33;35;3;8;10;17;21;28;34
2016;21;2016.05.25.;1;129 832 600 Ft;126;155 440 Ft;4507;4 345 Ft;57762;995 Ft;6;10;12;13;21;33;35;2;7;13;20;21;23;32
2016;20;2016.05.18.;0;0 Ft;77;260 010 Ft;2723;7 350 Ft;45333;1 295 Ft;10;13;14;15;19;25;28;7;10;16;24;25;30;31
2016;19;2016.05.11.;0;0 Ft;46;413 645 Ft;2415;7 880 Ft;42199;1 320 Ft;18;19;23;29;30;32;33;1;10;16;21;23;27;30
2016;18;2016.05.04.;2;20 184 475 Ft;134;136 055 Ft;4322;4 220 Ft;55808;955 Ft;1;11;13;14;16;19;31;3;9;11;19;23;24;33
2016;17;2016.04.27.;1;40 027 630 Ft;78;231 755 Ft;3527;5 125 Ft;50409;1 050 Ft;4;8;18;20;22;27;32;7;13;26;28;33;34;35
2016;16;2016.04.20.;1;40 854 955 Ft;78;236 545 Ft;3437;5 370 Ft;45407;1 190 Ft;5;7;8;12;25;26;30;1;7;11;14;21;30;32
2016;15;2016.04.13.;1;216 856 570 Ft;137;155 930 Ft;4416;4 840 Ft;55134;1 135 Ft;2;13;15;16;20;28;30;4;6;14;23;29;32;34
2016;14;2016.04.06.;0;0 Ft;71;280 895 Ft;3233;6 170 Ft;49001;1 190 Ft;5;11;16;22;28;30;33;9;10;11;13;25;30;33
2016;13;2016.03.30.;0;0 Ft;78;239 670 Ft;3151;5 935 Ft;47771;1 145 Ft;5;13;15;19;25;29;34;2;7;8;9;10;23;24
2016;12;2016.03.23.;0;0 Ft;68;286 600 Ft;2697;7 225 Ft;42407;1 345 Ft;6;8;10;15;22;26;33;1;5;14;21;24;26;31
2016;11;2016.03.16.;0;0 Ft;69;267 335 Ft;3208;5 750 Ft;48049;1 125 Ft;3;5;10;25;28;32;35;7;8;16;19;21;22;24
2016;10;2016.03.09.;2;166 575 615 Ft;84;293 175 Ft;3438;7 165 Ft;51350;1 405 Ft;4;10;17;20;24;29;35;15;16;18;19;20;31;33
2016;9;2016.03.02.;0;0 Ft;59;389 080 Ft;3660;6 270 Ft;56729;1 185 Ft;4;5;7;14;25;30;31;7;8;11;15;16;21;27
2016;8;2016.02.24.;0;0 Ft;76;289 780 Ft;2935;7 505 Ft;49288;1 310 Ft;7;12;21;23;26;28;30;1;17;18;24;25;29;30
2016;7;2016.02.17.;0;0 Ft;106;201 295 Ft;4454;4 790 Ft;57780;1 080 Ft;5;7;12;15;23;26;31;1;6;13;28;31;33;35
2016;6;2016.02.10.;0;0 Ft;50;410 030 Ft;2342;8 755 Ft;40542;1 480 Ft;11;12;16;20;27;30;31;1;5;20;23;26;28;32
2016;5;2016.02.03.;0;0 Ft;102;192 285 Ft;3946;4 970 Ft;51742;1 110 Ft;4;6;13;26;29;31;33;8;12;18;26;28;31;35
2016;4;2016.01.27.;0;0 Ft;63;307 905 Ft;3175;6 110 Ft;47331;1 515 Ft;4;6;9;15;19;20;28;9;10;13;24;26;28;32
2016;3;2016.01.20.;1;136 609 755 Ft;138;160 330 Ft;5379;4 115 Ft;63092;1 025 Ft;2;11;13;21;25;33;35;2;12;15;17;22;28;32
2016;2;2016.01.13.;0;0 Ft;97;221 525 Ft;3771;5 700 Ft;56633;1 110 Ft;2;13;25;27;28;29;35;2;7;9;15;22;32;35
2016;1;2016.01.06.;0;0 Ft;56;322 880 Ft;2255;8 020 Ft;37093;1 430 Ft;6;22;23;24;26;27;35;1;9;11;24;29;30;34
2015;53;2015.12.30.;1;43 433 880 Ft;98;200 155 Ft;3696;5 305 Ft;49920;1 150 Ft;6;8;11;17;25;29;32;2;14;18;26;29;32;34
2015;52;2015.12.23.;2;21 879 820 Ft;85;232 500 Ft;3379;5 850 Ft;51650;1 120 Ft;14;19;22;23;24;28;29;2;5;11;18;26;28;29
2015;51;2015.12.16.;1;366 392 040 Ft;136;167 310 Ft;3943;5 770 Ft;59596;1 120 Ft;1;8;9;11;16;17;31;6;12;17;19;23;29;30
2015;50;2015.12.09.;0;0 Ft;127;174 745 Ft;4816;4 610 Ft;63199;1 030 Ft;1;6;9;13;21;32;33;3;10;12;22;23;32;33
2015;49;2015.12.02.;0;0 Ft;64;325 055 Ft;2814;7 395 Ft;47024;1 295 Ft;3;8;12;14;20;31;32;9;10;12;17;18;30;32
2015;48;2015.11.25.;0;0 Ft;46;439 450 Ft;2999;6 740 Ft;45580;1 300 Ft;1;4;7;9;16;20;25;1;18;19;22;24;26;30
2015;47;2015.11.18.;0;0 Ft;118;178 720 Ft;4240;4 975 Ft;57892;1 065 Ft;3;8;19;24;28;31;34;2;4;5;16;20;24;31
2015;46;2015.11.11.;0;0 Ft;46;464 290 Ft;2802;7 620 Ft;45520;1 375 Ft;1;2;3;6;16;28;35;1;8;10;14;16;22;32
2015;45;2015.11.04.;0;0 Ft;74;259 935 Ft;3330;5 775 Ft;50075;1 305 Ft;8;11;21;27;29;31;35;1;8;14;21;28;29;30
2015;44;2015.10.28.;0;0 Ft;64;278 450 Ft;2980;5 980 Ft;44271;1 180 Ft;2;5;8;16;25;29;34;4;5;9;10;22;28;34
2015;43;2015.10.21.;1;173 905 960 Ft;60;339 285 Ft;2752;7 395 Ft;44001;1 355 Ft;2;3;16;20;29;34;35;2;10;14;21;22;29;30
2015;42;2015.10.14.;0;0 Ft;41;515 845 Ft;2550;8 295 Ft;44921;1 380 Ft;1;15;16;19;21;24;33;1;12;17;21;23;26;27
2015;41;2015.10.07.;0;0 Ft;87;221 815 Ft;3784;5 100 Ft;53912;1 050 Ft;4;8;9;17;21;23;32;1;7;16;28;31;34;35
2015;40;2015.09.30.;0;0 Ft;54;328 400 Ft;2885;6 145 Ft;41765;1 245 Ft;2;4;17;23;32;33;35;1;10;11;16;24;26;27
2015;39;2015.09.23.;1;81 975 380 Ft;77;241 225 Ft;3635;5 110 Ft;51318;1 060 Ft;1;3;18;19;22;28;31;3;8;12;16;25;27;30
2015;38;2015.09.16.;0;0 Ft;58;318 050 Ft;2416;7 635 Ft;38365;1 410 Ft;2;4;15;25;26;29;31;3;8;19;20;25;26;30
2015;37;2015.09.09.;1;40 486 775 Ft;90;203 160 Ft;3691;4 955 Ft;49726;1 075 Ft;1;3;7;14;20;26;35;1;4;9;13;18;21;25
2015;36;2015.09.02.;1;255 339 495 Ft;100;202 180 Ft;3628;5 575 Ft;50226;1 180 Ft;1;8;9;12;15;22;29;1;6;8;21;25;28;34
2015;35;2015.08.26.;0;0 Ft;109;180 035 Ft;3769;5 205 Ft;51169;1 125 Ft;4;7;11;16;18;25;28;6;7;8;24;26;29;34
2015;34;2015.08.19.;0;0 Ft;73;272 070 Ft;3780;5 255 Ft;56238;1 035 Ft;4;12;17;29;32;33;35;5;8;9;13;19;25;31
2015;33;2015.08.12.;0;0 Ft;62;312 830 Ft;3395;5 715 Ft;51715;1 100 Ft;3;17;28;29;31;33;34;5;18;19;22;24;26;35
2015;32;2015.08.05.;0;0 Ft;89;206 435 Ft;3739;4 915 Ft;48531;1 110 Ft;5;8;20;21;23;25;33;4;8;12;14;18;20;30
2015;31;2015.07.29.;0;0 Ft;80;223 045 Ft;2873;6 210 Ft;42217;1 240 Ft;10;15;19;22;30;33;34;1;4;16;19;22;31;35
2015;30;2015.07.22.;1;84 761 510 Ft;94;198 530 Ft;3623;5 150 Ft;49247;1 110 Ft;5;7;17;20;24;32;34;3;11;16;18;20;24;31
2015;29;2015.07.15.;0;0 Ft;52;377 265 Ft;2967;6 610 Ft;46952;1 225 Ft;5;10;11;13;23;34;35;1;9;20;24;31;32;34
2015;28;2015.07.08.;1;40 294 365 Ft;81;224 660 Ft;2971;6 125 Ft;44502;1 200 Ft;3;11;12;18;25;26;30;10;18;20;27;28;33;34
2015;27;2015.07.01.;1;270 792 230 Ft;76;274 780 Ft;3002;6 955 Ft;48221;1 270 Ft;3;5;8;12;25;30;34;8;13;14;15;16;24;25
2015;26;2015.06.24.;0;0 Ft;66;316 515 Ft;3367;6 205 Ft;54888;1 115 Ft;2;3;4;12;24;28;29;7;8;11;12;18;23;30
2015;25;2015.06.17.;0;0 Ft;105;198 690 Ft;3749;5 565 Ft;51872;1 180 Ft;2;5;20;24;28;34;35;3;10;13;20;23;25;26
2015;24;2015.06.10.;0;0 Ft;75;277 125 Ft;3537;5 875 Ft;54834;1 110 Ft;5;16;19;24;27;28;31;5;7;8;10;11;15;22
2015;23;2015.06.03.;0;0 Ft;90;222 635 Ft;3505;5 715 Ft;53707;1 095 Ft;5;18;19;26;27;34;35;12;13;19;24;26;28;30
2015;22;2015.05.27.;0;0 Ft;81;232 545 Ft;3370;5 590 Ft;48591;1 135 Ft;3;13;25;27;29;30;32;10;14;17;20;22;23;27
2015;21;2015.05.20.;1;43 783 955 Ft;69;286 570 Ft;3022;6 545 Ft;45571;1 270 Ft;1;8;10;18;22;32;33;1;8;15;19;26;28;33
2015;20;2015.05.13.;1;135 277 310 Ft;76;292 085 Ft;3566;6 225 Ft;56384;1 350 Ft;4;18;19;21;24;26;31;4;5;12;13;14;24;33
2015;19;2015.05.06.;0;0 Ft;91;219 145 Ft;3813;5 230 Ft;53469;1 090 Ft;3;5;17;18;19;20;26;6;11;13;21;22;24;33
2015;18;2015.04.29.;0;0 Ft;77;246 135 Ft;2929;6 470 Ft;44731;1 240 Ft;1;5;13;15;19;24;33;5;6;9;10;30;34;35
2015;17;2015.04.22.;1;89 198 705 Ft;66;306 730 Ft;3048;6 640 Ft;46960;1 260 Ft;2;6;16;18;19;26;35;9;16;19;24;25;32;34
2015;16;2015.04.15.;0;0 Ft;68;294 690 Ft;3050;6 570 Ft;46899;1 250 Ft;5;9;10;12;14;24;25;3;5;11;14;16;25;32
2015;15;2015.04.08.;2;113 476 645 Ft;97;218 310 Ft;3734;5 670 Ft;55789;1 110 Ft;3;4;12;17;20;23;33;5;6;8;12;16;17;24
2015;14;2015.04.01.;0;0 Ft;49;426 360 Ft;2909;7 180 Ft;50754;1 205 Ft;5;6;7;9;13;14;31;7;12;16;20;22;34;35
2015;13;2015.03.25.;0;0 Ft;70;292 700 Ft;3181;6 440 Ft;47828;1 255 Ft;1;4;9;11;21;22;25;7;10;16;18;26;31;32
2015;12;2015.03.18.;0;0 Ft;87;233 745 Ft;3361;6 050 Ft;49954;1 190 Ft;3;12;15;18;19;26;31;1;5;8;11;14;15;17
2015;11;2015.03.11.;0;0 Ft;76;257 930 Ft;3247;6 035 Ft;49815;1 150 Ft;3;11;12;22;30;31;35;3;6;8;9;20;27;34
2015;10;2015.03.04.;2;114 614 170 Ft;192;113 475 Ft;4502;4 840 Ft;56893;1 120 Ft;1;15;16;18;19;25;31;3;9;11;18;23;26;34
2015;9;2015.02.25.;0;0 Ft;97;217 985 Ft;3897;5 425 Ft;56079;1 105 Ft;3;14;24;25;27;29;32;5;6;8;17;31;33;35
2015;8;2015.02.18.;0;0 Ft;62;339 810 Ft;2919;7 220 Ft;47379;1 300 Ft;6;7;16;30;32;33;34;9;22;24;28;30;31;35
2015;7;2015.02.11.;0;0 Ft;59;346 195 Ft;3171;6 440 Ft;48722;1 230 Ft;18;20;22;25;27;28;33;3;6;11;17;18;26;30
2015;6;2015.02.04.;0;0 Ft;120;159 145 Ft;4077;4 685 Ft;52618;1 065 Ft;8;12;16;19;21;23;29;1;2;3;15;27;29;32
2015;5;2015.01.28.;2;20 799 540 Ft;102;184 185 Ft;3248;5 785 Ft;44932;1 225 Ft;4;5;12;14;18;26;30;10;13;22;24;26;30;34
2015;4;2015.01.21.;2;91 493 090 Ft;110;199 150 Ft;3444;6 360 Ft;55144;1 165 Ft;4;11;13;14;19;26;28;11;16;18;23;26;27;31
2015;3;2015.01.14.;0;0 Ft;116;181 935 Ft;4161;5 070 Ft;55448;1 115 Ft;5;9;13;14;24;26;34;2;5;12;14;16;26;29
2015;2;2015.01.07.;0;0 Ft;70;264 740 Ft;2732;6 785 Ft;41941;1 295 Ft;1;3;10;14;17;18;28;1;9;10;15;22;30;34
2015;1;2015.01.01.;0;0 Ft;150;140 640 Ft;5172;4 080 Ft;67091;920 Ft;9;13;15;19;24;27;33;17;21;27;29;32;34;35
2014;52;2014.12.24.;1;125 394 550 Ft;64;298 040 Ft;3174;6 010 Ft;50354;1 110 Ft;3;6;12;17;21;24;25;4;6;9;21;23;27;28
2014;51;2014.12.17.;0;0 Ft;83;228 070 Ft;3837;4 935 Ft;52823;1 050 Ft;3;5;13;24;31;32;35;6;7;10;21;23;31;35
2014;50;2014.12.10.;0;0 Ft;79;235 765 Ft;3851;4 835 Ft;49391;1 105 Ft;8;10;12;19;26;30;31;4;9;12;15;19;21;25
2014;49;2014.12.03.;1;40 277 285 Ft;80;227 370 Ft;3473;5 235 Ft;49839;1 070 Ft;7;10;15;21;23;26;30;8;13;22;28;29;34;35
2014;48;2014.11.26.;1;124 750 090 Ft;66;284 800 Ft;2408;7 805 Ft;40186;1 370 Ft;1;6;7;12;24;29;31;11;16;18;19;26;31;32
2014;47;2014.11.19.;0;0 Ft;79;236 975 Ft;3355;5 580 Ft;51978;1 055 Ft;1;13;17;20;27;28;33;2;6;7;9;19;24;35
2014;46;2014.11.12.;0;0 Ft;96;196 055 Ft;3211;5 860 Ft;46028;1 200 Ft;4;10;12;24;27;30;32;1;5;16;21;22;29;31
2014;45;2014.11.05.;1;121 965 720 Ft;92;205 250 Ft;3402;5 550 Ft;50037;1 105 Ft;6;13;15;16;21;28;32;7;12;15;20;22;24;27
2014;44;2014.10.29.;0;0 Ft;54;327 995 Ft;2659;6 660 Ft;42345;1 225 Ft;2;11;20;23;24;28;33;2;3;12;14;15;28;31
2014;43;2014.10.22.;0;0 Ft;55;336 120 Ft;3191;5 795 Ft;45312;1 195 Ft;5;7;11;15;18;27;28;14;15;20;22;30;31;32
2014;42;2014.10.15.;1;86 668 055 Ft;118;169 935 Ft;3927;5 105 Ft;54871;1 070 Ft;1;6;9;13;16;21;23;12;15;23;24;28;31;34
2014;41;2014.10.08.;0;0 Ft;40;477 205 Ft;3240;5 890 Ft;50669;1 105 Ft;2;3;7;15;16;31;34;3;5;8;13;14;16;33
2014;40;2014.10.01.;1;135 060 085 Ft;60;330 150 Ft;2849;6 955 Ft;46984;1 235 Ft;8;10;13;21;22;34;35;5;8;9;22;23;25;26
2014;39;2014.09.24.;0;0 Ft;64;307 565 Ft;2938;6 700 Ft;47371;1 215 Ft;1;3;11;19;21;24;25;6;10;11;12;15;21;23
2014;38;2014.09.17.;0;0 Ft;126;170 650 Ft;4744;4 530 Ft;62393;1 010 Ft;9;14;21;23;25;27;33;4;6;13;16;21;22;33
2014;37;2014.09.10.;3;15 338 645 Ft;118;176 115 Ft;4205;4 940 Ft;55208;1 100 Ft;2;5;15;18;21;27;34;6;11;13;23;29;30;34
2014;36;2014.09.03.;2;42 510 750 Ft;105;186 550 Ft;3887;5 040 Ft;54483;1 055 Ft;9;11;13;24;26;33;34;2;3;5;13;14;16;24
2014;35;2014.08.27.;0;0 Ft;76;247 490 Ft;2682;7 015 Ft;40657;1 355 Ft;2;5;9;14;28;30;33;1;15;16;20;25;29;31
2014;34;2014.08.20.;2;44 192 050 Ft;114;165 320 Ft;4116;4 580 Ft;51664;1 070 Ft;5;8;20;21;22;32;35;7;14;21;23;25;30;32
2014;33;2014.08.13.;0;0 Ft;90;234 095 Ft;3672;5 740 Ft;49728;1 240 Ft;1;5;6;18;20;25;35;2;4;9;16;29;31;35
2014;32;2014.08.06.;1;43 077 915 Ft;113;172 165 Ft;3673;5 295 Ft;46740;1 220 Ft;2;8;15;21;23;31;34;4;11;15;17;25;26;34
2014;31;2014.07.30.;1;227 307 990 Ft;72;299 130 Ft;3253;6 620 Ft;53691;1 175 Ft;4;13;16;17;27;28;32;1;8;9;13;25;26;29
2014;30;2014.07.23.;0;0 Ft;53;399 960 Ft;3247;6 530 Ft;52120;1 190 Ft;9;12;17;20;21;26;27;1;7;20;22;23;28;34
2014;29;2014.07.16.;0;0 Ft;54;387 110 Ft;2833;7 380 Ft;45143;1 355 Ft;2;5;10;16;17;26;34;1;8;9;14;22;30;34
2014;28;2014.07.09.;0;0 Ft;78;256 270 Ft;3584;5 575 Ft;53955;1 085 Ft;2;7;8;9;13;16;27;2;6;12;16;19;25;34
2014;27;2014.07.02.;0;0 Ft;58;328 055 Ft;2926;6 505 Ft;44091;1 265 Ft;7;9;18;20;21;22;25;10;15;27;30;32;33;35
2014;26;2014.06.25.;2;66 842 180 Ft;163;125 455 Ft;5242;3 900 Ft;63449;945 Ft;7;12;13;16;19;24;27;19;21;23;25;29;30;31
2014;25;2014.06.18.;0;0 Ft;95;220 775 Ft;3980;5 270 Ft;58748;1 045 Ft;2;4;19;22;23;24;28;3;5;18;29;31;34;35
2014;24;2014.06.11.;0;0 Ft;86;220 355 Ft;3508;5 400 Ft;50835;1 090 Ft;12;17;19;21;23;29;30;1;3;15;16;18;25;31
2014;23;2014.06.04.;1;142 856 765 Ft;168;121 720 Ft;5919;3 455 Ft;69816;860 Ft;7;8;14;23;27;28;29;2;7;8;14;18;24;28
2014;22;2014.05.28.;0;0 Ft;106;183 790 Ft;3539;5 505 Ft;51247;1 115 Ft;6;11;12;18;23;29;34;3;9;10;14;21;25;33
2014;21;2014.05.21.;0;0 Ft;48;408 690 Ft;2601;7 540 Ft;44058;1 305 Ft;2;3;10;16;20;22;35;2;22;23;28;29;31;34
2014;20;2014.05.14.;1;46 862 480 Ft;136;155 615 Ft;5010;4 225 Ft;65309;965 Ft;7;19;21;29;30;31;34;2;4;9;14;17;22;34
2014;19;2014.05.07.;1;130 872 250 Ft;116;177 235 Ft;4130;4 980 Ft;55993;1 075 Ft;2;4;11;13;14;26;28;4;7;12;16;24;26;28
2014;18;2014.04.30.;0;0 Ft;70;283 975 Ft;3763;5 285 Ft;53067;1 095 Ft;1;3;12;21;22;25;35;9;11;15;19;22;25;34
2014;17;2014.04.23.;0;0 Ft;64;291 655 Ft;3443;5 420 Ft;49152;1 110 Ft;1;2;15;19;21;30;35;4;7;10;14;21;22;24
2014;16;2014.04.16.;1;184 021 140 Ft;118;182 735 Ft;3909;5 515 Ft;55374;1 140 Ft;1;3;8;12;14;18;23;4;20;22;26;28;30;35
2014;15;2014.04.09.;0;0 Ft;111;188 560 Ft;4123;5 075 Ft;56263;1 090 Ft;1;7;9;16;25;26;30;2;5;7;12;22;28;34
2014;14;2014.04.02.;0;0 Ft;120;169 815 Ft;4045;5 040 Ft;54856;1 090 Ft;3;7;14;22;28;31;32;2;4;24;28;29;30;31
2014;13;2014.03.26.;0;0 Ft;55;367 915 Ft;2522;8 025 Ft;41949;1 415 Ft;3;10;15;16;19;20;30;9;12;15;26;31;34;35
2014;12;2014.03.19.;1;311 886 755 Ft;157;161 780 Ft;5429;4 680 Ft;72601;1 025 Ft;1;8;11;19;23;29;31;4;9;10;19;22;24;26
2014;11;2014.03.12.;0;0 Ft;75;339 340 Ft;4243;6 000 Ft;65187;1 145 Ft;3;6;7;10;20;23;32;4;9;16;17;19;21;30
2014;10;2014.03.05.;0;0 Ft;100;237 900 Ft;3687;6 450 Ft;58130;1 200 Ft;1;7;12;15;23;25;34;10;11;12;17;22;28;29
2014;9;2014.02.26.;0;0 Ft;55;405 800 Ft;2768;8 065 Ft;45282;1 445 Ft;1;9;11;12;16;20;32;1;3;15;16;19;22;31
2014;8;2014.02.19.;0;0 Ft;101;218 870 Ft;4848;4 560 Ft;68396;945 Ft;7;11;14;15;19;23;25;1;7;9;13;21;22;30
2014;7;2014.02.12.;0;0 Ft;48;453 900 Ft;3437;6 340 Ft;51620;1 235 Ft;7;20;21;24;29;34;35;12;14;19;25;30;32;33
2014;6;2014.02.05.;1;45 024 805 Ft;131;155 220 Ft;4440;4 580 Ft;57456;1 035 Ft;8;16;19;22;29;30;33;11;13;18;25;29;32;34
2014;5;2014.01.29.;1;42 035 980 Ft;161;117 915 Ft;4818;3 940 Ft;59546;935 Ft;7;19;25;29;31;32;34;8;12;19;22;24;26;28
2014;4;2014.01.22.;1;136 827 130 Ft;76;285 865 Ft;3874;5 610 Ft;55521;1 380 Ft;4;6;17;19;24;28;30;4;5;6;10;21;28;29
2014;3;2014.01.15.;0;0 Ft;105;199 455 Ft;3812;5 495 Ft;58876;1 040 Ft;12;13;17;19;28;30;35;3;6;19;25;27;29;30
2014;2;2014.01.08.;0;0 Ft;69;277 170 Ft;3275;5 840 Ft;48371;1 160 Ft;3;14;15;16;20;23;33;3;11;15;16;23;25;29
2014;1;2014.01.01.;1;75 847 860 Ft;71;258 770 Ft;3299;5 570 Ft;46267;1 165 Ft;4;6;10;18;20;25;30;1;7;9;18;22;23;24
2013;52;2013.12.25.;0;0 Ft;116;136 910 Ft;3462;4 585 Ft;44590;1 045 Ft;5;8;11;17;24;30;35;8;9;17;24;25;32;35
2013;51;2013.12.18.;2;87 283 180 Ft;70;295 040 Ft;3581;5 765 Ft;49286;1 225 Ft;1;2;7;18;21;29;30;1;6;13;16;17;21;31
2013;50;2013.12.11.;0;0 Ft;91;225 975 Ft;3641;5 650 Ft;55816;1 080 Ft;4;6;7;13;14;26;29;7;10;16;20;23;27;28
2013;49;2013.12.04.;0;0 Ft;36;541 025 Ft;2508;7 765 Ft;44547;1 280 Ft;1;2;5;23;24;28;32;4;5;12;13;17;22;30
2013;48;2013.11.27.;0;0 Ft;96;188 985 Ft;3933;4 615 Ft;53659;990 Ft;3;9;15;17;19;21;25;16;19;21;23;24;27;29
2013;47;2013.11.20.;1;133 070 250 Ft;78;257 340 Ft;3290;6 100 Ft;49742;1 180 Ft;5;8;10;17;21;31;32;15;17;21;26;29;33;35
2013;46;2013.11.13.;0;0 Ft;95;221 910 Ft;3710;5 680 Ft;55743;1 110 Ft;1;8;10;11;18;25;35;7;19;22;23;25;31;32
2013;45;2013.11.06.;0;0 Ft;72;263 085 Ft;2782;6 810 Ft;41775;1 330 Ft;2;4;5;14;20;31;35;2;6;15;22;28;30;33
2013;44;2013.10.30.;1;221 022 775 Ft;68;291 685 Ft;3322;5 970 Ft;50080;1 160 Ft;3;5;6;7;10;17;28;16;20;23;28;30;32;33
2013;43;2013.10.23.;0;0 Ft;83;223 755 Ft;3500;5 305 Ft;49601;1 095 Ft;2;5;11;16;24;25;28;2;3;13;16;19;27;32
2013;42;2013.10.16.;0;0 Ft;84;254 735 Ft;3773;5 670 Ft;53963;1 160 Ft;1;5;8;17;28;29;35;1;4;9;28;30;32;35
2013;41;2013.10.09.;0;0 Ft;63;324 810 Ft;3030;6 755 Ft;48813;1 230 Ft;1;3;11;12;15;27;31;2;9;14;15;18;25;35
2013;40;2013.10.02.;0;0 Ft;90;217 225 Ft;3459;5 650 Ft;49756;1 150 Ft;11;16;19;21;22;24;31;4;7;15;17;25;30;33
2013;39;2013.09.25.;1;636 689 530 Ft;142;202 895 Ft;5466;5 270 Ft;80726;1 045 Ft;5;6;14;18;21;29;35;3;7;8;16;17;21;24
2013;38;2013.09.18.;0;0 Ft;109;248 525 Ft;4138;6 545 Ft;61199;1 295 Ft;6;10;11;24;26;29;32;2;5;11;16;23;26;31
2013;37;2013.09.11.;0;0 Ft;98;269 795 Ft;3669;7 205 Ft;56515;1 370 Ft;10;16;24;25;26;28;31;6;14;18;27;30;32;35
2013;36;2013.09.04.;0;0 Ft;85;292 455 Ft;3730;6 665 Ft;62072;1 175 Ft;9;14;16;22;24;25;27;5;9;10;21;22;24;28
2013;35;2013.08.28.;0;0 Ft;76;308 270 Ft;4126;5 680 Ft;62678;1 095 Ft;2;5;6;14;19;30;33;3;6;13;14;23;26;28
2013;34;2013.08.21.;0;0 Ft;74;280 835 Ft;2944;7 060 Ft;46428;1 310 Ft;1;7;15;28;31;32;33;6;11;16;19;28;30;35
2013;33;2013.08.14.;0;0 Ft;92;252 105 Ft;4072;5 695 Ft;57988;1 170 Ft;2;5;13;15;16;21;34;6;10;17;23;29;30;35
2013;32;2013.08.07.;0;0 Ft;111;184 745 Ft;4427;4 630 Ft;60115;1 000 Ft;5;7;13;14;15;27;34;1;8;13;15;17;25;35
2013;31;2013.07.31.;0;0 Ft;53;357 660 Ft;3221;5 885 Ft;48877;1 135 Ft;1;8;18;19;20;23;31;1;9;12;17;21;24;29
2013;30;2013.07.24.;0;0 Ft;63;297 925 Ft;3145;5 970 Ft;45342;1 210 Ft;3;16;23;24;26;30;33;12;14;15;16;18;27;34
2013;29;2013.07.17.;0;0 Ft;99;193 220 Ft;3513;5 445 Ft;49519;1 130 Ft;1;10;12;15;19;28;33;1;9;16;17;19;27;35
2013;28;2013.07.10.;0;0 Ft;83;218 660 Ft;3548;5 115 Ft;48646;1 095 Ft;3;6;10;13;18;20;25;4;6;8;14;20;21;28
2013;27;2013.07.03.;0;0 Ft;92;189 410 Ft;3742;4 655 Ft;50350;1 015 Ft;5;8;13;21;22;27;30;3;6;11;15;19;28;35
2013;26;2013.06.26.;1;124 611 410 Ft;72;257 895 Ft;2821;6 580 Ft;40645;1 340 Ft;15;17;20;22;24;26;29;1;4;6;14;24;29;34
2013;25;2013.06.19.;0;0 Ft;63;295 570 Ft;2670;6 975 Ft;42771;1 275 Ft;2;6;9;11;14;30;31;7;15;16;21;22;23;31
2013;24;2013.06.12.;0;0 Ft;64;298 230 Ft;2512;7 600 Ft;41976;1 330 Ft;1;9;11;14;31;33;34;7;8;19;20;26;27;31
2013;23;2013.06.05.;1;290 872 135 Ft;72;279 375 Ft;3583;5 615 Ft;51128;1 150 Ft;4;7;10;22;26;31;34;6;8;9;10;12;22;28
2013;22;2013.05.29.;0;0 Ft;159;121 030 Ft;4671;4 120 Ft;59414;950 Ft;12;21;24;25;27;28;32;4;7;11;19;25;28;33
2013;21;2013.05.22.;0;0 Ft;70;270 595 Ft;3055;6 200 Ft;44358;1 250 Ft;6;9;10;16;24;31;32;5;9;18;20;23;31;34
2013;20;2013.05.15.;0;0 Ft;76;270 170 Ft;3740;5 490 Ft;56329;1 070 Ft;5;17;19;24;25;27;33;2;11;15;18;19;24;30
2013;19;2013.05.08.;0;0 Ft;72;252 330 Ft;2893;6 280 Ft;43412;1 225 Ft;4;10;14;20;26;31;34;10;11;13;19;26;27;29
2013;18;2013.05.02.;0;0 Ft;49;344 945 Ft;2343;7 215 Ft;38117;1 300 Ft;8;12;16;17;20;23;24;1;3;15;19;24;29;30
2013;17;2013.04.24.;0;0 Ft;66;264 520 Ft;2866;6 090 Ft;42296;1 210 Ft;2;14;15;16;24;27;29;2;4;10;20;27;29;35
2013;16;2013.04.17.;1;40 495 240 Ft;72;254 000 Ft;3572;5 120 Ft;45244;1 185 Ft;8;10;12;21;23;33;35;2;4;5;6;7;16;31
2013;15;2013.04.10.;1;183 562 475 Ft;43;486 530 Ft;2813;7 435 Ft;45073;1 360 Ft;1;2;17;19;21;22;26;2;4;6;8;22;25;32
2013;14;2013.04.03.;0;0 Ft;130;143 705 Ft;4621;4 045 Ft;58471;935 Ft;2;7;8;13;22;28;35;6;8;16;19;28;29;32
2013;13;2013.03.27.;0;0 Ft;81;232 005 Ft;3364;5 585 Ft;49534;1 110 Ft;5;12;13;19;26;33;35;2;3;11;20;25;27;28
2013;12;2013.03.20.;0;0 Ft;83;229 945 Ft;3500;5 455 Ft;50336;1 110 Ft;8;11;19;22;23;25;30;4;15;16;18;23;24;27
2013;11;2013.03.13.;1;45 500 260 Ft;90;228 315 Ft;3816;5 385 Ft;53535;1 125 Ft;5;12;16;19;21;27;35;8;10;13;16;26;33;35
2013;10;2013.03.06.;1;84 731 010 Ft;72;274 320 Ft;3113;6 345 Ft;47311;1 225 Ft;2;5;6;8;13;22;26;1;6;9;14;16;22;35
2013;9;2013.02.27.;0;0 Ft;98;188 925 Ft;3868;4 785 Ft;51973;1 045 Ft;3;6;15;17;20;27;33;14;17;25;28;29;32;34
2013;8;2013.02.20.;1;268 058 420 Ft;80;269 260 Ft;3560;6 050 Ft;53183;1 185 Ft;6;17;18;19;23;31;33;1;8;11;12;20;23;35
2013;7;2013.02.13.;0;0 Ft;97;223 765 Ft;3678;5 900 Ft;55505;1 145 Ft;4;12;13;24;29;33;34;1;6;11;12;23;28;30
2013;6;2013.02.06.;0;0 Ft;159;127 755 Ft;4747;4 280 Ft;57321;1 040 Ft;3;7;16;19;21;33;35;5;10;11;14;16;24;35
2013;5;2013.01.30.;0;0 Ft;82;235 265 Ft;3532;5 460 Ft;49371;1 145 Ft;1;4;13;21;23;24;35;1;2;13;16;29;30;32
2013;4;2013.01.23.;0;0 Ft;52;366 695 Ft;3101;6 150 Ft;49852;1 120 Ft;2;3;9;22;26;28;30;8;15;17;18;19;29;34
2013;3;2013.01.16.;0;0 Ft;52;368 060 Ft;2237;8 555 Ft;42009;1 335 Ft;4;17;23;24;29;30;35;5;6;20;24;28;33;34
2013;2;2013.01.09.;3;29 287 765 Ft;132;147 515 Ft;3900;4 995 Ft;49892;1 145 Ft;1;6;9;15;22;25;31;6;9;17;23;25;32;34
2013;1;2013.01.02.;0;0 Ft;126;160 380 Ft;4442;4 550 Ft;55480;1 065 Ft;5;8;12;14;16;19;29;8;12;16;20;22;28;35
2012;52;2012.12.26.;1;199 605 320 Ft;72;194 000 Ft;2893;4 830 Ft;37388;1 095 Ft;1;7;15;22;24;28;30;2;5;9;19;22;30;34
2012;51;2012.12.19.;0;0 Ft;73;270 905 Ft;3247;6 090 Ft;48513;1 195 Ft;5;10;14;23;28;33;34;5;14;15;21;23;33;35
2012;50;2012.12.12.;0;0 Ft;68;292 020 Ft;3288;6 040 Ft;50988;1 140 Ft;4;5;8;9;23;26;34;3;9;15;26;28;33;35
2012;49;2012.12.05.;0;0 Ft;75;251 700 Ft;3805;4 960 Ft;54073;1 020 Ft;8;14;17;27;28;29;30;6;7;11;19;22;26;28
2012;48;2012.11.28.;0;0 Ft;68;259 785 Ft;2572;6 870 Ft;43015;1 205 Ft;6;7;13;25;32;33;34;3;6;16;20;21;24;31
2012;47;2012.11.21.;1;206 629 500 Ft;121;164 380 Ft;3872;5 135 Ft;53091;1 095 Ft;9;11;14;21;24;27;33;5;16;20;22;25;27;30
2012;46;2012.11.14.;0;0 Ft;86;234 030 Ft;3649;5 515 Ft;53442;1 105 Ft;1;4;9;13;16;21;23;1;2;4;8;27;30;33
2012;45;2012.11.07.;0;0 Ft;65;297 495 Ft;3164;6 110 Ft;49031;1 155 Ft;5;10;11;13;17;25;32;3;5;6;11;14;15;19
2012;44;2012.10.31.;0;0 Ft;54;332 335 Ft;3595;4 990 Ft;53417;985 Ft;2;7;21;22;24;28;32;4;9;13;15;16;22;23
2012;43;2012.10.24.;0;0 Ft;62;258 330 Ft;2320;6 905 Ft;39121;1 200 Ft;4;9;10;13;15;19;35;6;8;12;13;19;30;35
2012;42;2012.10.17.;1;39 777 570 Ft;87;206 485 Ft;3265;5 500 Ft;48325;1 090 Ft;10;13;14;16;19;25;27;2;3;8;14;17;19;21
2012;41;2012.10.10.;2;41 846 445 Ft;210;89 530 Ft;5093;3 690 Ft;56880;970 Ft;6;13;15;17;18;19;23;5;7;14;17;27;32;34
2012;40;2012.10.03.;0;0 Ft;88;215 860 Ft;3744;5 075 Ft;54620;1 020 Ft;2;7;12;21;25;29;32;1;7;21;23;28;31;32
2012;39;2012.09.26.;1;40 764 815 Ft;67;274 775 Ft;3334;5 520 Ft;47360;1 140 Ft;13;18;22;24;29;30;33;4;10;15;22;23;26;34
2012;38;2012.09.19.;1;40 516 040 Ft;45;406 615 Ft;2083;8 785 Ft;35802;1 495 Ft;15;20;21;26;29;32;34;6;18;24;25;28;29;30
2012;37;2012.09.12.;1;39 394 775 Ft;56;317 700 Ft;2808;6 335 Ft;45323;1 150 Ft;2;11;12;15;21;24;29;7;14;15;29;31;33;34
2012;36;2012.09.05.;2;18 807 520 Ft;88;193 040 Ft;2876;5 905 Ft;39209;1 270 Ft;2;3;12;16;20;30;32;3;15;16;18;24;26;33
2012;35;2012.08.29.;2;37 030 215 Ft;53;322 660 Ft;2696;6 345 Ft;45348;1 105 Ft;5;9;14;17;18;19;34;8;13;23;24;25;26;29
2012;34;2012.08.22.;0;0 Ft;51;320 505 Ft;2892;5 650 Ft;43170;1 110 Ft;4;6;8;11;27;28;30;2;3;8;11;13;20;24
2012;33;2012.08.15.;2;80 566 360 Ft;128;149 445 Ft;4143;4 615 Ft;52233;1 075 Ft;2;5;15;17;24;27;30;9;11;12;23;25;30;33
2012;32;2012.08.08.;0;0 Ft;84;227 125 Ft;3205;5 955 Ft;46448;1 205 Ft;2;5;9;11;16;22;25;7;15;16;21;23;26;31
2012;31;2012.08.01.;0;0 Ft;133;129 370 Ft;3505;4 910 Ft;46098;1 095 Ft;9;13;18;21;25;26;32;2;5;6;13;15;27;34
2012;30;2012.07.25.;0;0 Ft;81;214 270 Ft;2741;6 330 Ft;41543;1 225 Ft;5;6;9;10;14;17;28;4;6;9;16;20;27;32
2012;29;2012.07.18.;1;399 402 340 Ft;128;164 165 Ft;4098;5 130 Ft;59910;1 025 Ft;13;16;22;26;29;32;34;5;12;13;14;21;27;29
2012;28;2012.07.11.;0;0 Ft;58;339 765 Ft;2560;7 700 Ft;42534;1 355 Ft;1;5;8;10;14;18;19;7;11;12;15;16;17;25
2012;27;2012.07.04.;0;0 Ft;93;205 035 Ft;3462;5 510 Ft;48052;1 160 Ft;5;10;14;21;23;25;35;1;5;12;15;18;21;35
2012;26;2012.06.27.;0;0 Ft;42;461 000 Ft;2525;7 670 Ft;42651;1 330 Ft;4;11;15;21;22;23;26;1;5;6;9;19;31;32
2012;25;2012.06.20.;0;0 Ft;78;247 365 Ft;3370;5 725 Ft;47314;1 195 Ft;10;11;15;18;24;29;32;2;8;9;18;25;26;32
2012;24;2012.06.13.;0;0 Ft;82;256 200 Ft;3272;6 420 Ft;49575;1 240 Ft;1;5;17;19;26;29;34;4;12;15;17;26;32;33
2012;23;2012.06.06.;0;0 Ft;44;463 375 Ft;2452;8 315 Ft;44025;1 355 Ft;2;6;7;9;25;30;32;2;3;5;6;11;32;33
2012;22;2012.05.30.;0;0 Ft;76;230 785 Ft;2759;6 355 Ft;40171;1 280 Ft;6;9;19;20;28;30;35;3;10;14;16;25;32;33
2012;21;2012.05.23.;0;0 Ft;65;277 335 Ft;2873;6 275 Ft;44226;1 195 Ft;8;16;21;22;31;33;35;4;9;14;17;19;25;26
2012;20;2012.05.16.;2;43 218 795 Ft;83;238 680 Ft;3356;5 905 Ft;50015;1 160 Ft;15;16;17;21;27;29;33;3;8;10;16;29;30;32
2012;19;2012.05.09.;0;0 Ft;62;310 095 Ft;2661;7 225 Ft;44084;1 275 Ft;4;11;12;22;25;26;28;14;18;20;21;22;31;35
2012;18;2012.05.02.;1;132 442 305 Ft;86;194 495 Ft;3364;4 970 Ft;43207;1 135 Ft;1;4;8;25;26;28;33;11;19;23;27;30;32;34
2012;17;2012.04.25.;0;0 Ft;122;153 990 Ft;4122;4 560 Ft;55893;985 Ft;4;7;17;18;19;27;30;1;8;11;13;24;25;26
2012;16;2012.04.18.;0;0 Ft;39;495 680 Ft;2307;8 380 Ft;41997;1 350 Ft;10;11;12;14;19;34;35;3;17;22;26;27;29;35
2012;15;2012.04.11.;1;411 100 015 Ft;96;257 505 Ft;4096;6 035 Ft;60249;1 200 Ft;3;10;14;17;22;25;31;12;17;20;28;32;33;35
2012;14;2012.04.04.;0;0 Ft;110;205 920 Ft;4261;5 315 Ft;59298;1 120 Ft;7;10;15;16;19;28;32;1;7;8;13;24;32;35
2012;13;2012.03.28.;0;0 Ft;91;220 640 Ft;3807;5 275 Ft;53909;1 090 Ft;2;5;15;19;27;29;34;1;3;6;8;16;21;28
2012;12;2012.03.21.;0;0 Ft;80;247 275 Ft;3702;5 345 Ft;54623;1 060 Ft;5;7;12;19;23;31;32;14;20;22;23;24;27;32
2012;11;2012.03.14.;0;0 Ft;91;234 235 Ft;3232;6 595 Ft;46584;1 340 Ft;4;6;13;20;25;28;35;5;10;14;15;16;26;28
2012;10;2012.03.07.;0;0 Ft;87;241 930 Ft;4016;5 240 Ft;56667;1 090 Ft;6;8;10;18;29;30;32;2;3;8;15;18;19;21
2012;9;2012.02.29.;0;0 Ft;85;220 475 Ft;3907;4 795 Ft;56939;965 Ft;2;5;9;10;16;21;24;4;5;7;13;19;33;34
2012;8;2012.02.22.;0;0 Ft;47;394 260 Ft;2730;6 790 Ft;44898;1 210 Ft;4;5;9;14;25;27;33;12;15;16;20;23;24;33
2012;7;2012.02.15.;0;0 Ft;77;232 330 Ft;3144;5 690 Ft;46617;1 125 Ft;3;4;12;14;18;23;33;1;9;15;24;25;31;32
2012;6;2012.02.08.;1;165 099 325 Ft;75;252 015 Ft;3596;5 255 Ft;52238;1 060 Ft;4;5;11;13;21;28;30;1;7;14;26;27;31;33
2012;5;2012.02.01.;0;0 Ft;54;342 765 Ft;2588;7 150 Ft;40434;1 340 Ft;2;6;13;14;15;27;34;2;19;20;26;29;30;35
2012;4;2012.01.25.;0;0 Ft;52;353 950 Ft;2787;6 605 Ft;44525;1 210 Ft;1;12;14;17;22;27;33;2;3;4;8;16;25;29
2012;3;2012.01.18.;0;0 Ft;61;307 300 Ft;2375;7 895 Ft;40816;1 345 Ft;5;6;17;22;27;31;32;13;14;25;31;32;33;34
2012;2;2012.01.11.;2;84 080 590 Ft;81;263 745 Ft;3540;6 035 Ft;55891;1 120 Ft;3;10;14;16;21;25;29;8;9;10;13;19;23;25
2012;1;2012.01.04.;0;0 Ft;58;325 145 Ft;3047;6 190 Ft;48368;1 140 Ft;12;21;22;23;24;29;35;4;8;11;13;24;30;34
2011;52;2011.12.28.;0;0 Ft;45;396 180 Ft;2102;8 480 Ft;36285;1 440 Ft;1;3;4;10;16;18;33;1;15;20;30;31;32;35
2011;51;2011.12.21.;0;0 Ft;55;325 345 Ft;2824;6 335 Ft;43733;1 200 Ft;2;3;8;13;15;20;35;2;5;9;20;23;31;32
2011;50;2011.12.14.;2;62 403 270 Ft;49;404 315 Ft;3088;6 415 Ft;48229;1 205 Ft;4;5;12;14;16;18;33;4;5;7;13;16;20;26
2011;49;2011.12.07.;0;0 Ft;114;167 450 Ft;4175;4 570 Ft;55735;1 005 Ft;13;19;23;25;27;32;34;3;14;16;20;21;24;28
2011;48;2011.11.30.;0;0 Ft;130;134 335 Ft;4750;3 675 Ft;57983;880 Ft;4;7;11;22;31;32;33;5;7;14;19;22;28;29
2011;47;2011.11.23.;2;83 506 935 Ft;70;281 380 Ft;3391;5 810 Ft;51646;1 115 Ft;1;7;11;12;17;25;27;4;8;9;14;20;23;31
2011;46;2011.11.16.;0;0 Ft;69;289 185 Ft;3372;5 915 Ft;49120;1 190 Ft;1;4;8;11;15;23;35;3;6;23;24;31;32;33
2011;45;2011.11.09.;0;0 Ft;66;303 115 Ft;3213;6 225 Ft;50384;1 165 Ft;1;8;18;23;24;34;35;3;11;12;14;28;31;32
2011;44;2011.11.02.;0;0 Ft;42;375 465 Ft;1947;8 100 Ft;32319;1 430 Ft;5;6;9;14;20;22;30;1;15;20;23;24;27;29
2011;43;2011.10.26.;1;38 753 155 Ft;89;196 645 Ft;3395;5 155 Ft;48721;1 050 Ft;2;9;12;15;21;32;34;5;7;8;12;13;17;20
2011;42;2011.10.19.;1;214 453 785 Ft;111;177 925 Ft;4715;4 190 Ft;65987;875 Ft;10;13;18;19;21;25;29;6;7;13;18;25;27;29
2011;41;2011.10.12.;0;0 Ft;138;158 515 Ft;4373;5 000 Ft;60421;1 060 Ft;1;11;14;16;24;26;28;3;8;14;23;27;28;34
2011;40;2011.10.05.;0;0 Ft;96;198 910 Ft;3168;6 030 Ft;50625;1 105 Ft;2;4;19;21;25;34;35;7;23;24;29;30;31;33
2011;39;2011.09.28.;0;0 Ft;87;207 930 Ft;3246;5 575 Ft;45558;1 165 Ft;3;10;18;20;26;29;35;11;18;22;24;25;27;31
2011;38;2011.09.21.;0;0 Ft;74;243 780 Ft;3222;5 600 Ft;46206;1 145 Ft;2;5;11;12;18;26;34;7;8;16;19;21;22;30
2011;37;2011.09.14.;1;318 932 030 Ft;120;178 225 Ft;4471;4 785 Ft;61480;1 020 Ft;4;5;8;20;21;26;33;1;3;9;13;23;34;35
2011;36;2011.09.07.;0;0 Ft;69;324 905 Ft;3488;6 425 Ft;54291;1 210 Ft;1;2;4;10;12;17;28;10;18;23;24;28;29;32
2011;35;2011.08.31.;0;0 Ft;96;206 480 Ft;3584;5 530 Ft;55526;1 045 Ft;13;16;18;19;24;31;34;9;11;13;15;23;27;28
2011;34;2011.08.24.;0;0 Ft;65;295 235 Ft;3245;5 915 Ft;47883;1 175 Ft;2;3;12;14;24;29;32;16;18;21;26;29;30;33
2011;33;2011.08.17.;0;0 Ft;74;270 595 Ft;2742;7 305 Ft;45802;1 280 Ft;2;3;4;10;27;28;35;1;4;9;14;23;24;30
2011;32;2011.08.10.;0;0 Ft;71;314 420 Ft;3709;6 020 Ft;58599;1 115 Ft;4;5;10;13;16;18;31;5;7;9;11;12;21;30
2011;31;2011.08.03.;0;0 Ft;68;277 470 Ft;3045;6 195 Ft;47866;1 155 Ft;1;5;6;7;14;17;23;5;17;20;24;25;30;32
2011;30;2011.07.27.;2;20 868 205 Ft;143;131 810 Ft;4077;4 625 Ft;52568;1 050 Ft;7;9;16;20;21;23;24;4;6;8;11;23;29;31
2011;29;2011.07.20.;1;684 269 825 Ft;137;233 030 Ft;6256;5 105 Ft;86131;1 085 Ft;2;5;13;14;19;20;26;7;13;14;25;28;32;35
2011;28;2011.07.13.;0;0 Ft;98;313 995 Ft;4195;7 335 Ft;63421;1 420 Ft;20;21;29;31;32;33;34;7;16;21;22;26;31;33
2011;27;2011.07.06.;0;0 Ft;117;237 690 Ft;4686;5 935 Ft;70908;1 150 Ft;1;5;12;18;19;21;31;17;18;22;25;27;30;33
2011;26;2011.06.29.;0;0 Ft;63;368 855 Ft;3038;7 650 Ft;50955;1 335 Ft;7;11;15;16;21;22;34;2;4;10;20;27;32;33
2011;25;2011.06.22.;0;0 Ft;158;141 930 Ft;5544;4 045 Ft;70667;930 Ft;2;7;18;19;28;31;33;7;9;16;18;22;27;35
2011;24;2011.06.15.;0;0 Ft;81;260 330 Ft;3577;5 895 Ft;52505;1 175 Ft;1;3;13;17;20;30;31;3;4;9;26;30;32;34
2011;23;2011.06.08.;0;0 Ft;82;242 605 Ft;3694;5 385 Ft;57315;1 015 Ft;7;12;15;16;17;27;28;7;11;12;14;22;27;29
2011;22;2011.06.01.;0;0 Ft;70;265 320 Ft;3367;5 515 Ft;47031;1 155 Ft;8;12;15;24;26;34;35;2;7;8;16;23;25;33
2011;21;2011.05.25.;0;0 Ft;84;215 585 Ft;3556;5 095 Ft;43355;1 225 Ft;8;10;12;22;28;32;34;9;14;15;16;30;34;35
2011;20;2011.05.18.;0;0 Ft;63;288 340 Ft;3132;5 800 Ft;44374;1 200 Ft;2;15;16;19;26;30;35;4;7;10;11;20;23;29
2011;19;2011.05.11.;0;0 Ft;85;232 585 Ft;3793;5 210 Ft;55632;1 040 Ft;2;4;9;22;23;26;29;2;4;6;9;19;25;27
2011;18;2011.05.04.;0;0 Ft;70;244 350 Ft;3018;5 665 Ft;44397;1 130 Ft;4;6;9;14;17;27;28;3;4;10;15;20;25;28
2011;17;2011.04.27.;0;0 Ft;85;183 050 Ft;4572;3 405 Ft;46323;985 Ft;3;13;17;18;23;24;28;2;4;15;21;28;31;35
2011;16;2011.04.20.;0;0 Ft;48;333 635 Ft;2684;5 965 Ft;40752;1 150 Ft;3;6;7;20;21;25;33;6;18;25;28;30;33;34
2011;15;2011.04.13.;1;37 481 840 Ft;58;291 850 Ft;2813;6 020 Ft;41698;1 190 Ft;8;16;24;29;30;31;32;1;13;17;22;29;31;34
2011;14;2011.04.06.;1;151 284 095 Ft;85;231 415 Ft;3474;5 660 Ft;51134;1 125 Ft;6;8;12;27;28;32;35;3;12;15;19;21;25;30
2011;13;2011.03.30.;0;0 Ft;115;145 360 Ft;3678;4 545 Ft;52668;930 Ft;1;7;9;11;27;29;32;2;6;11;13;19;22;23
2011;12;2011.03.23.;0;0 Ft;65;256 035 Ft;2563;6 495 Ft;39755;1 225 Ft;6;7;12;17;24;29;30;2;10;21;23;24;30;33
2011;11;2011.03.16.;0;0 Ft;57;268 300 Ft;2764;5 535 Ft;42037;1 065 Ft;4;9;21;23;25;28;29;3;10;11;23;25;27;31
2011;10;2011.03.09.;1;41 781 790 Ft;97;194 530 Ft;3920;4 815 Ft;53964;1 025 Ft;3;9;15;21;24;28;29;4;14;17;23;24;26;35
2011;9;2011.03.02.;1;154 520 610 Ft;89;201 580 Ft;3755;4 780 Ft;55940;940 Ft;4;7;8;9;15;24;28;4;13;14;19;23;28;31
2011;8;2011.02.23.;0;0 Ft;79;221 815 Ft;3867;4 530 Ft;55179;930 Ft;3;5;8;9;20;22;30;3;6;7;8;18;29;33
2011;7;2011.02.16.;0;0 Ft;59;296 070 Ft;3148;5 550 Ft;44655;1 145 Ft;10;12;19;25;28;29;35;4;6;9;12;20;27;32
2011;6;2011.02.09.;0;0 Ft;82;205 505 Ft;3672;4 590 Ft;42996;1 150 Ft;7;10;15;17;24;28;34;6;11;21;26;28;31;32
2011;5;2011.02.02.;2;182 006 190 Ft;70;284 030 Ft;3229;6 155 Ft;47939;1 215 Ft;2;4;13;20;21;25;34;12;15;17;18;19;21;24
2011;4;2011.01.26.;0;0 Ft;60;320 985 Ft;2934;6 565 Ft;45124;1 250 Ft;6;7;10;14;18;22;23;12;20;22;26;30;32;35
2011;3;2011.01.19.;0;0 Ft;69;277 875 Ft;2630;7 290 Ft;43064;1 305 Ft;1;2;8;9;22;31;32;4;10;12;22;23;24;35
2011;2;2011.01.12.;0;0 Ft;61;346 140 Ft;2571;8 215 Ft;43718;1 415 Ft;3;11;20;30;32;34;35;2;10;22;27;30;34;35
2011;1;2011.01.05.;0;0 Ft;66;264 710 Ft;3178;5 495 Ft;48204;1 060 Ft;5;8;14;17;31;32;34;2;5;17;21;23;27;35
2010;52;2010.12.29.;0;0 Ft;66;232 720 Ft;2729;5 630 Ft;43336;1 040 Ft;4;6;10;13;14;15;24;1;12;15;17;19;23;29
2010;51;2010.12.22.;0;0 Ft;47;322 825 Ft;2360;6 430 Ft;38536;1 155 Ft;13;15;16;17;20;26;33;3;12;13;18;26;30;32
2010;50;2010.12.15.;0;0 Ft;57;260 465 Ft;2244;6 615 Ft;37287;1 165 Ft;2;4;7;10;15;24;26;6;8;10;25;29;32;33
2010;49;2010.12.08.;0;0 Ft;50;297 650 Ft;2205;6 750 Ft;35910;1 215 Ft;9;17;20;23;32;33;34;14;15;20;21;24;25;28
2010;48;2010.12.01.;1;62 642 310 Ft;128;108 695 Ft;3876;3 590 Ft;46678;875 Ft;8;9;12;19;21;29;33;1;18;20;25;27;33;35
2010;47;2010.11.24.;0;0 Ft;65;221 190 Ft;2345;6 130 Ft;37994;1 110 Ft;5;15;17;25;27;32;33;1;2;8;9;12;14;34
2010;46;2010.11.17.;1;32 923 685 Ft;77;193 100 Ft;3307;4 495 Ft;44388;980 Ft;4;10;14;16;17;25;28;4;8;13;18;20;27;30
2010;45;2010.11.10.;2;50 304 330 Ft;187;91 765 Ft;5749;2 985 Ft;65013;775 Ft;2;3;13;24;25;27;32;3;7;13;20;21;27;32
2010;44;2010.11.03.;0;0 Ft;61;233 105 Ft;2872;4 950 Ft;41847;995 Ft;16;24;25;26;27;34;35;7;11;12;19;23;26;29
2010;43;2010.10.27.;0;0 Ft;60;234 270 Ft;3409;4 125 Ft;46020;895 Ft;1;3;6;10;19;28;34;6;8;13;14;18;28;34
2010;42;2010.10.20.;1;32 484 495 Ft;64;229 225 Ft;2332;6 290 Ft;37248;1 155 Ft;6;12;13;20;21;27;29;14;16;18;20;21;30;31
2010;41;2010.10.13.;1;33 376 785 Ft;66;228 385 Ft;2854;5 280 Ft;44372;995 Ft;3;5;8;10;12;27;34;6;7;17;21;22;30;31
2010;40;2010.10.06.;1;531 856 010 Ft;87;241 490 Ft;4191;5 015 Ft;60325;1 020 Ft;2;3;4;15;16;22;25;3;4;13;16;21;25;33
2010;39;2010.09.29.;0;0 Ft;73;252 845 Ft;3113;5 930 Ft;50833;1 065 Ft;11;12;16;19;27;32;34;7;10;15;18;19;31;35
2010;38;2010.09.22.;0;0 Ft;83;217 175 Ft;3976;4 535 Ft;58003;910 Ft;8;17;18;23;26;28;32;9;11;13;15;20;27;35
2010;37;2010.09.15.;0;0 Ft;145;123 260 Ft;5262;3 395 Ft;64624;810 Ft;6;19;25;26;28;31;34;3;7;9;19;20;21;28
2010;36;2010.09.08.;0;0 Ft;76;247 105 Ft;3194;5 880 Ft;48074;1 145 Ft;1;4;5;8;10;21;28;1;6;12;20;23;26;30
2010;35;2010.09.01.;0;0 Ft;107;151 950 Ft;3891;4 180 Ft;50804;935 Ft;9;13;18;21;24;30;33;1;10;17;20;23;32;33
2010;34;2010.08.25.;0;0 Ft;53;301 670 Ft;2450;6 525 Ft;43381;1 080 Ft;4;5;12;13;18;30;33;4;13;14;25;26;29;31
2010;33;2010.08.18.;0;0 Ft;79;207 185 Ft;3477;4 705 Ft;47770;1 005 Ft;1;8;13;18;20;22;24;10;11;13;19;20;21;30
2010;32;2010.08.11.;0;0 Ft;74;242 680 Ft;3312;5 420 Ft;48615;1 080 Ft;6;10;13;14;21;31;35;3;12;14;15;16;22;34
2010;31;2010.08.04.;0;0 Ft;90;172 140 Ft;3525;4 395 Ft;41504;1 095 Ft;2;6;9;11;24;26;27;1;6;7;11;25;26;31
2010;30;2010.07.28.;0;0 Ft;61;248 095 Ft;2617;5 785 Ft;39765;1 115 Ft;5;6;8;19;30;33;35;1;5;16;22;28;30;31
2010;29;2010.07.21.;0;0 Ft;101;148 465 Ft;3623;4 140 Ft;47603;920 Ft;10;11;12;14;25;31;32;2;5;7;10;13;19;27
2010;28;2010.07.14.;0;0 Ft;55;272 975 Ft;2663;5 640 Ft;40616;1 085 Ft;5;7;16;21;26;32;35;1;4;9;11;22;31;32
2010;27;2010.07.07.;0;0 Ft;131;112 790 Ft;3635;4 065 Ft;45225;955 Ft;2;5;8;17;20;23;32;5;8;10;16;18;29;34
2010;26;2010.06.30.;1;65 527 760 Ft;39;379 600 Ft;2077;7 130 Ft;33533;1 295 Ft;12;14;15;16;18;30;32;1;5;6;14;23;24;35
2010;25;2010.06.23.;0;0 Ft;23;642 990 Ft;1780;8 310 Ft;30398;1 425 Ft;11;12;15;20;22;30;34;1;2;3;26;28;34;35
2010;24;2010.06.16.;1;360 229 915 Ft;68;254 860 Ft;2893;5 990 Ft;43171;1 175 Ft;1;2;5;11;14;26;27;6;10;12;15;23;26;29
2010;23;2010.06.09.;0;0 Ft;145;118 110 Ft;4721;3 630 Ft;56342;890 Ft;3;9;12;15;19;21;32;11;14;19;21;30;31;32
2010;22;2010.06.02.;0;0 Ft;90;187 965 Ft;3897;4 340 Ft;47559;1 040 Ft;16;19;20;25;26;30;32;2;7;12;17;18;29;32
2010;21;2010.05.26.;0;0 Ft;49;324 305 Ft;2417;6 575 Ft;39712;1 170 Ft;4;5;6;8;10;26;27;1;5;7;10;22;33;34
2010;20;2010.05.19.;0;0 Ft;47;358 845 Ft;2575;6 550 Ft;41353;1 195 Ft;1;3;8;13;20;22;26;1;20;23;24;28;30;35
2010;19;2010.05.12.;0;0 Ft;97;172 755 Ft;3764;4 450 Ft;53362;920 Ft;5;9;11;14;19;24;28;4;6;7;16;18;25;34
2010;18;2010.05.05.;0;0 Ft;114;144 430 Ft;4182;3 935 Ft;55608;865 Ft;1;4;13;18;20;24;27;4;8;19;23;27;32;33
2010;17;2010.04.28.;0;0 Ft;54;277 105 Ft;2486;6 020 Ft;41307;1 060 Ft;3;11;12;27;29;30;32;17;21;24;26;28;30;33
2010;16;2010.04.21.;0;0 Ft;62;242 605 Ft;2863;5 255 Ft;43666;1 010 Ft;2;4;9;18;19;32;34;1;3;6;10;11;22;32
2010;15;2010.04.14.;0;0 Ft;37;414 270 Ft;2363;6 485 Ft;38309;1 170 Ft;14;16;19;25;30;32;34;13;23;25;30;31;33;34
2010;14;2010.04.07.;1;374 533 850 Ft;136;140 125 Ft;4157;4 585 Ft;55231;1 010 Ft;2;8;15;21;23;28;32;6;8;10;12;14;30;33
2010;13;2010.03.31.;0;0 Ft;100;171 820 Ft;4411;3 895 Ft;60776;830 Ft;3;7;12;13;22;26;31;4;13;18;27;31;33;35
2010;12;2010.03.24.;0;0 Ft;82;208 580 Ft;2760;6 195 Ft;43394;1 155 Ft;1;4;15;24;29;30;35;1;4;12;17;28;31;34
2010;11;2010.03.17.;0;0 Ft;134;127 845 Ft;3771;4 545 Ft;50095;1 000 Ft;3;4;9;16;21;22;27;5;8;16;24;27;32;34
2010;10;2010.03.10.;0;0 Ft;102;191 800 Ft;4139;4 725 Ft;57099;1 005 Ft;3;8;11;16;24;28;31;1;5;6;12;13;20;31
2010;9;2010.03.03.;0;0 Ft;90;183 980 Ft;3974;4 165 Ft;53735;900 Ft;2;8;14;17;18;26;30;4;7;11;13;14;26;33
2010;8;2010.02.24.;0;0 Ft;61;264 815 Ft;2534;6 375 Ft;40649;1 165 Ft;2;7;11;14;15;26;34;12;14;17;19;26;31;34
2010;7;2010.02.17.;0;0 Ft;88;212 810 Ft;3899;4 805 Ft;54723;1 000 Ft;8;15;21;29;31;34;35;8;10;13;21;22;29;32
2010;6;2010.02.10.;0;0 Ft;57;249 520 Ft;2932;4 850 Ft;44892;930 Ft;6;13;15;17;23;27;28;6;17;20;24;25;28;31
2010;5;2010.02.03.;0;0 Ft;39;344 745 Ft;2015;6 670 Ft;35374;1 115 Ft;1;11;18;27;28;29;32;2;14;20;21;22;26;32
2010;4;2010.01.27.;2;103 016 400 Ft;122;129 255 Ft;4640;3 400 Ft;56601;815 Ft;2;4;8;14;20;23;24;1;4;14;19;22;29;31
2010;3;2010.01.20.;0;0 Ft;47;336 555 Ft;2632;6 010 Ft;42042;1 100 Ft;10;13;14;16;22;26;32;5;10;12;21;23;25;26
2010;2;2010.01.13.;0;0 Ft;95;167 955 Ft;3623;4 405 Ft;48174;970 Ft;1;16;17;20;22;29;33;2;10;11;23;27;31;34
2010;1;2010.01.06.;0;0 Ft;68;241 560 Ft;3986;4 120 Ft;60585;795 Ft;3;8;9;11;12;13;31;4;5;7;18;21;24;25
2009;53;2009.12.30.;0;0 Ft;98;151 825 Ft;3520;4 225 Ft;47819;910 Ft;6;14;18;19;26;28;30;5;12;14;22;26;28;34
2009;52;2009.12.23.;0;0 Ft;106;133 955 Ft;3769;3 765 Ft;50640;820 Ft;4;6;7;25;27;29;32;3;6;9;11;15;18;25
2009;51;2009.12.16.;1;31 247 930 Ft;42;336 000 Ft;2411;5 855 Ft;39832;1 040 Ft;5;9;10;18;22;25;26;5;7;8;12;26;30;32
2009;50;2009.12.09.;1;140 339 495 Ft;74;221 120 Ft;3291;4 970 Ft;50341;950 Ft;5;9;15;24;26;30;35;2;3;6;18;24;33;34
2009;49;2009.12.02.;0;0 Ft;49;310 295 Ft;3002;5 065 Ft;48944;910 Ft;8;9;11;24;25;30;34;9;12;13;14;23;28;35
2009;48;2009.11.25.;0;0 Ft;45;317 710 Ft;2323;6 155 Ft;38880;1 075 Ft;1;2;4;9;15;26;29;12;13;14;16;25;27;28
2009;47;2009.11.18.;0;0 Ft;51;281 445 Ft;2556;5 615 Ft;42148;995 Ft;4;10;11;12;13;15;19;13;18;20;22;32;33;34
2009;46;2009.11.11.;1;31 510 235 Ft;59;241 195 Ft;3013;4 725 Ft;45280;920 Ft;4;12;23;24;28;33;34;7;11;16;20;22;24;34
2009;45;2009.11.04.;1;31 296 105 Ft;65;217 440 Ft;2893;4 885 Ft;41526;995 Ft;6;15;20;24;29;32;33;4;10;17;19;24;28;35
2009;44;2009.10.28.;1;138 347 960 Ft;67;229 240 Ft;3767;4 075 Ft;54396;825 Ft;6;8;17;18;22;24;26;3;6;7;8;9;17;32
2009;43;2009.10.21.;0;0 Ft;88;175 540 Ft;3936;3 925 Ft;56010;810 Ft;3;4;6;18;27;32;34;7;8;19;21;22;25;33
2009;42;2009.10.14.;0;0 Ft;146;115 385 Ft;4046;4 165 Ft;54473;905 Ft;2;12;13;15;21;32;33;11;18;19;21;23;31;34
2009;41;2009.10.07.;0;0 Ft;60;247 110 Ft;2941;5 040 Ft;49137;885 Ft;2;5;7;18;31;33;34;3;4;7;8;29;30;35
2009;40;2009.09.30.;2;33 264 775 Ft;89;167 735 Ft;4092;3 650 Ft;50884;860 Ft;1;5;13;18;19;20;31;1;5;6;7;9;10;19
2009;39;2009.09.23.;0;0 Ft;57;265 210 Ft;2519;6 000 Ft;41545;1 065 Ft;3;5;7;10;15;20;32;10;11;26;27;32;34;35
2009;38;2009.09.16.;1;33 988 220 Ft;75;204 660 Ft;3850;3 985 Ft;52732;850 Ft;3;5;14;15;18;28;31;1;4;8;18;22;24;26
2009;37;2009.09.09.;1;65 152 430 Ft;129;123 485 Ft;5365;2 970 Ft;53619;870 Ft;2;4;5;27;29;30;32;4;8;9;13;18;23;28
2009;36;2009.09.02.;0;0 Ft;38;355 105 Ft;2240;6 025 Ft;38449;1 030 Ft;2;19;25;27;28;30;31;6;11;12;13;20;33;35
2009;35;2009.08.26.;1;29 014 885 Ft;85;154 160 Ft;3114;4 210 Ft;44919;855 Ft;2;6;8;11;20;29;33;2;5;8;9;12;15;27
2009;34;2009.08.19.;1;67 350 505 Ft;143;100 075 Ft;3962;3 610 Ft;55139;760 Ft;10;13;17;19;23;28;33;2;9;25;29;31;32;34
2009;33;2009.08.12.;0;0 Ft;100;161 055 Ft;4408;3 655 Ft;60124;785 Ft;3;7;8;12;15;17;29;2;10;11;19;25;28;34
2009;32;2009.08.05.;1;121 902 680 Ft;77;187 630 Ft;3038;4 755 Ft;43608;970 Ft;4;8;10;11;19;30;33;1;18;19;20;32;33;35
2009;31;2009.07.29.;0;0 Ft;69;197 785 Ft;3158;4 320 Ft;43657;915 Ft;4;14;16;27;28;30;31;3;4;18;22;25;29;32
2009;30;2009.07.22.;0;0 Ft;77;175 295 Ft;3108;4 345 Ft;47120;840 Ft;4;8;9;24;28;30;33;4;5;8;10;13;22;24
2009;29;2009.07.15.;0;0 Ft;81;166 175 Ft;3671;3 665 Ft;51703;760 Ft;2;6;7;9;12;23;29;1;13;19;23;26;28;31
2009;28;2009.07.08.;1;29 724 450 Ft;64;209 750 Ft;3028;4 435 Ft;42964;915 Ft;5;15;18;20;27;31;33;1;5;11;18;26;27;29
2009;27;2009.07.01.;1;91 118 840 Ft;58;235 880 Ft;2808;4 870 Ft;44457;900 Ft;7;9;10;15;19;25;32;4;14;21;27;28;29;35
2009;26;2009.06.24.;0;0 Ft;72;192 810 Ft;2876;4 825 Ft;41923;970 Ft;1;2;7;17;20;30;31;10;13;19;24;26;28;30
2009;25;2009.06.17.;0;0 Ft;75;181 165 Ft;2977;4 565 Ft;43218;920 Ft;2;9;14;16;21;25;28;10;12;13;19;21;25;30
2009;24;2009.06.10.;1;60 847 435 Ft;57;248 980 Ft;2193;6 470 Ft;35866;1 160 Ft;2;6;21;26;28;30;32;1;9;22;24;26;30;35
2009;23;2009.06.03.;0;0 Ft;92;144 430 Ft;3894;3 410 Ft;48874;795 Ft;13;16;21;31;33;34;35;4;7;8;14;16;28;34
2009;22;2009.05.27.;3;20 385 755 Ft;79;174 860 Ft;3263;4 235 Ft;45218;895 Ft;4;7;11;20;22;27;31;6;8;10;11;18;20;25
2009;21;2009.05.20.;0;0 Ft;77;179 295 Ft;3469;3 980 Ft;49219;820 Ft;1;2;14;20;24;30;31;3;7;13;16;17;18;33
2009;20;2009.05.13.;2;66 710 945 Ft;87;180 250 Ft;3589;4 370 Ft;52534;875 Ft;1;5;9;15;19;26;27;5;6;13;18;28;30;31
2009;19;2009.05.06.;0;0 Ft;74;220 155 Ft;2986;5 455 Ft;50176;950 Ft;4;11;12;30;31;33;35;7;16;17;24;29;34;35
2009;18;2009.04.29.;0;0 Ft;85;165 510 Ft;2791;5 040 Ft;42545;970 Ft;18;24;27;29;32;33;35;2;7;10;15;25;26;32
2009;17;2009.04.22.;0;0 Ft;67;212 140 Ft;3585;3 965 Ft;48171;865 Ft;1;4;9;14;23;24;29;4;8;9;10;13;23;31
2009;16;2009.04.15.;1;288 968 230 Ft;89;180 545 Ft;4126;3 895 Ft;56439;835 Ft;1;8;16;18;20;24;26;3;7;9;12;15;17;35
2009;15;2009.04.08.;0;0 Ft;63;285 415 Ft;3048;5 900 Ft;48733;1 080 Ft;2;4;6;7;20;22;35;5;15;28;32;33;34;35
2009;14;2009.04.01.;0;0 Ft;38;424 115 Ft;2790;5 775 Ft;45315;1 040 Ft;9;10;11;13;14;20;22;12;15;19;20;21;24;31
2009;13;2009.03.25.;0;0 Ft;108;150 230 Ft;4280;3 790 Ft;59437;800 Ft;1;9;19;25;27;32;35;5;8;11;13;21;22;23
2009;12;2009.03.18.;0;0 Ft;44;368 275 Ft;2273;7 130 Ft;43507;1 090 Ft;2;16;21;22;23;27;29;14;18;19;21;22;34;35
2009;11;2009.03.11.;0;0 Ft;54;336 430 Ft;3056;5 945 Ft;54631;975 Ft;2;13;14;16;17;19;25;8;9;11;14;15;21;33
2009;10;2009.03.04.;0;0 Ft;86;175 735 Ft;3154;4 790 Ft;46193;960 Ft;1;3;7;11;16;29;35;6;20;23;24;25;29;33
2009;9;2009.02.25.;0;0 Ft;70;208 945 Ft;3105;4 710 Ft;47864;895 Ft;6;7;8;13;27;31;34;6;13;16;21;24;26;34
2009;8;2009.02.18.;1;103 018 330 Ft;76;208 605 Ft;3479;4 555 Ft;49552;935 Ft;5;10;13;19;25;26;34;1;2;4;14;16;23;29
2009;7;2009.02.11.;0;0 Ft;72;217 040 Ft;3233;4 835 Ft;50072;915 Ft;2;5;18;23;26;34;35;1;5;11;13;17;26;28
2009;6;2009.02.04.;0;0 Ft;37;406 585 Ft;2547;5 905 Ft;41499;1 060 Ft;6;7;12;14;25;26;29;1;4;6;10;12;30;31
2009;5;2009.01.28.;1;145 692 625 Ft;177;89 375 Ft;5739;2 755 Ft;68707;675 Ft;3;4;8;12;14;18;24;3;7;9;10;15;17;18
2009;4;2009.01.21.;0;0 Ft;55;290 275 Ft;3043;5 245 Ft;50015;935 Ft;1;3;4;7;14;15;29;7;10;11;14;15;20;25
2009;3;2009.01.14.;0;0 Ft;34;450 850 Ft;1961;7 815 Ft;35485;1 265 Ft;19;20;26;27;30;31;35;4;9;14;16;32;33;34
2009;2;2009.01.07.;0;0 Ft;118;141 110 Ft;5365;3 105 Ft;71237;685 Ft;7;9;11;17;18;27;35;1;9;13;14;18;24;34
2009;1;2008.12.31.;1;437 027 210 Ft;80;262 805 Ft;4165;5 050 Ft;63615;880 Ft;4;7;12;19;25;29;30;2;3;6;16;27;28;29
2008;52;2008.12.24.;0;0 Ft;65;300 545 Ft;3150;6 200 Ft;51809;1 005 Ft;11;15;16;19;21;26;34;3;5;15;20;24;27;35
2008;51;2008.12.17.;0;0 Ft;103;219 555 Ft;4536;4 985 Ft;70312;860 Ft;3;13;15;16;19;30;31;5;13;14;17;21;24;25
2008;50;2008.12.10.;0;0 Ft;174;141 600 Ft;6791;3 630 Ft;86299;760 Ft;3;4;5;8;13;23;31;2;4;6;8;12;18;32
2008;49;2008.12.03.;0;0 Ft;87;205 665 Ft;3071;5 825 Ft;45806;1 040 Ft;6;14;15;16;17;21;24;6;10;16;18;21;28;31
2008;48;2008.11.26.;0;0 Ft;59;293 320 Ft;2923;5 920 Ft;44980;1 025 Ft;5;6;10;18;22;27;30;1;3;4;15;23;26;28
2008;47;2008.11.19.;0;0 Ft;91;188 605 Ft;3458;4 965 Ft;54201;845 Ft;4;5;14;19;28;29;32;2;3;9;10;12;14;18
2008;46;2008.11.12.;0;0 Ft;95;180 350 Ft;3749;4 570 Ft;52987;860 Ft;2;6;14;19;21;32;33;2;5;8;11;13;18;20
2008;45;2008.11.05.;0;0 Ft;79;200 390 Ft;3546;4 465 Ft;50369;840 Ft;7;8;9;11;21;25;28;1;4;6;14;18;25;28
2008;44;2008.10.29.;0;0 Ft;63;236 385 Ft;3093;4 815 Ft;44906;885 Ft;11;19;20;23;25;27;34;5;6;11;14;19;20;29
2008;43;2008.10.22.;0;0 Ft;70;218 740 Ft;2985;5 130 Ft;48037;850 Ft;5;10;13;20;26;27;30;9;10;13;14;17;24;29
2008;42;2008.10.15.;0;0 Ft;94;161 395 Ft;4292;3 535 Ft;56858;710 Ft;6;7;14;17;21;23;32;7;8;9;11;22;29;35
2008;41;2008.10.08.;1;90 929 070 Ft;149;104 530 Ft;4953;3 145 Ft;60466;685 Ft;3;13;19;22;30;31;35;4;11;13;22;28;29;33
2008;40;2008.10.01.;0;0 Ft;101;148 045 Ft;3972;3 765 Ft;49800;800 Ft;1;3;6;12;18;22;30;3;5;14;16;18;24;27
2008;39;2008.09.24.;0;0 Ft;54;276 600 Ft;2461;6 070 Ft;40062;995 Ft;1;11;12;14;19;20;23;4;6;9;13;25;32;33
2008;38;2008.09.17.;1;66 174 420 Ft;46;343 765 Ft;2612;6 055 Ft;44690;945 Ft;10;11;12;14;23;24;27;7;10;13;16;31;32;33
2008;37;2008.09.10.;0;0 Ft;62;278 610 Ft;3052;5 660 Ft;45075;1 020 Ft;5;8;14;21;26;32;34;1;5;8;10;15;17;26
2008;36;2008.09.03.;1;58 933 465 Ft;67;225 445 Ft;2704;5 585 Ft;40645;990 Ft;2;3;4;18;19;25;26;1;5;9;19;23;26;34
2008;35;2008.08.27.;0;0 Ft;54;265 965 Ft;2474;5 805 Ft;38125;1 005 Ft;17;22;24;27;30;31;34;9;14;16;18;20;25;30
2008;34;2008.08.21.;1;120 503 175 Ft;50;299 920 Ft;2879;5 210 Ft;44975;890 Ft;1;6;19;23;27;28;32;5;8;13;23;25;26;27
2008;33;2008.08.13.;0;0 Ft;80;198 915 Ft;3752;4 240 Ft;51489;825 Ft;11;14;16;19;28;29;34;4;9;12;17;19;22;31
2008;32;2008.08.06.;0;0 Ft;64;235 255 Ft;2425;6 210 Ft;39390;1 020 Ft;4;6;15;19;24;31;34;9;14;17;18;26;31;35
2008;31;2008.07.30.;0;0 Ft;37;386 105 Ft;2288;6 245 Ft;38046;1 000 Ft;2;11;21;26;28;34;35;8;13;24;26;31;33;34
2008;30;2008.07.23.;2;60 539 955 Ft;72;215 920 Ft;3251;4 780 Ft;47432;875 Ft;11;18;21;22;27;29;32;6;8;12;16;21;29;31
2008;29;2008.07.16.;0;0 Ft;91;170 825 Ft;3259;4 770 Ft;41910;990 Ft;5;8;15;16;22;30;31;6;7;15;20;22;29;32
2008;28;2008.07.09.;0;0 Ft;105;144 615 Ft;3608;4 210 Ft;45349;895 Ft;2;4;10;12;24;32;34;5;10;12;19;21;34;35
2008;27;2008.07.02.;0;0 Ft;69;206 725 Ft;3014;4 735 Ft;44935;845 Ft;8;14;18;19;23;29;35;8;9;10;14;22;24;30
2008;26;2008.06.25.;1;94 784 970 Ft;59;254 475 Ft;2898;5 180 Ft;42105;950 Ft;6;9;14;16;19;22;26;2;4;10;12;13;14;21
2008;25;2008.06.18.;0;0 Ft;44;350 685 Ft;2324;6 640 Ft;38714;1 065 Ft;1;5;14;15;20;23;34;3;4;15;17;20;23;24
2008;24;2008.06.11.;0;0 Ft;84;201 765 Ft;3719;4 555 Ft;52341;865 Ft;2;9;10;11;13;21;32;6;13;16;19;22;30;31
2008;23;2008.06.04.;2;45 504 390 Ft;71;216 520 Ft;2831;5 430 Ft;44385;925 Ft;10;19;20;25;29;31;33;3;10;14;18;30;33;35
2008;22;2008.05.28.;0;0 Ft;103;143 965 Ft;3643;4 070 Ft;45246;875 Ft;10;11;19;25;27;30;33;4;6;15;18;25;28;33
2008;21;2008.05.21.;0;0 Ft;104;147 145 Ft;4013;3 815 Ft;52056;785 Ft;12;16;25;28;29;30;32;3;7;12;17;23;28;29
2008;20;2008.05.14.;1;94 440 305 Ft;85;185 110 Ft;3770;4 175 Ft;55884;750 Ft;2;8;19;22;23;27;32;1;13;18;19;23;28;29
2008;19;2008.05.07.;0;0 Ft;83;188 975 Ft;3642;4 305 Ft;50855;820 Ft;2;8;11;16;18;19;27;5;6;7;15;21;30;33
2008;18;2008.04.30.;0;0 Ft;89;177 535 Ft;3157;5 005 Ft;43392;970 Ft;2;6;14;20;23;25;34;2;4;13;15;22;32;33
2008;17;2008.04.23.;1;32 815 655 Ft;135;121 540 Ft;5128;3 200 Ft;57926;755 Ft;1;4;8;12;22;28;35;1;5;8;11;17;23;35
2008;16;2008.04.16.;1;419 132 755 Ft;135;174 155 Ft;5042;4 665 Ft;69126;905 Ft;4;10;16;21;24;28;32;9;12;17;19;30;32;34
2008;15;2008.04.09.;0;0 Ft;129;174 860 Ft;5261;4 290 Ft;68979;870 Ft;6;15;18;24;25;26;33;4;9;11;17;19;25;31
2008;14;2008.04.02.;0;0 Ft;81;267 860 Ft;3521;6 160 Ft;56096;1 030 Ft;11;13;15;16;20;21;31;6;9;11;16;23;25;28
2008;13;2008.03.26.;0;0 Ft;51;340 560 Ft;2679;6 485 Ft;44777;1 035 Ft;1;2;7;9;29;30;35;8;11;15;16;20;33;34
2008;12;2008.03.19.;0;0 Ft;115;155 130 Ft;4733;3 770 Ft;62573;760 Ft;2;7;10;13;19;20;25;1;7;11;17;26;29;31
2008;11;2008.03.12.;0;0 Ft;72;249 640 Ft;3676;4 890 Ft;57211;840 Ft;5;10;19;23;24;25;27;8;11;19;20;23;28;33
2008;10;2008.03.05.;0;0 Ft;102;167 525 Ft;3705;4 610 Ft;53405;855 Ft;3;6;16;19;24;29;30;3;5;6;13;16;27;30
2008;9;2008.02.27.;0;0 Ft;38;430 140 Ft;2255;7 250 Ft;41730;1 045 Ft;7;8;10;11;12;32;34;4;5;7;8;9;24;32
2008;8;2008.02.20.;0;0 Ft;52;319 330 Ft;2635;6 300 Ft;42270;1 050 Ft;1;11;13;14;17;18;35;8;18;20;21;25;33;34
2008;7;2008.02.13.;0;0 Ft;59;282 660 Ft;3059;5 450 Ft;45545;975 Ft;1;5;6;16;17;29;32;7;9;11;16;18;26;32
2008;6;2008.02.06.;0;0 Ft;74;219 985 Ft;3396;4 795 Ft;47794;910 Ft;2;5;9;23;26;28;30;2;8;15;23;29;34;35
2008;5;2008.01.30.;1;32 025 095 Ft;157;101 990 Ft;4137;3 870 Ft;54374;785 Ft;6;9;13;22;25;29;31;11;19;21;29;30;33;34
2008;4;2008.01.23.;1;301 843 830 Ft;108;176 565 Ft;5675;3 360 Ft;77182;660 Ft;7;8;13;14;17;21;29;7;12;21;24;29;33;35
2008;3;2008.01.16.;0;0 Ft;52;348 285 Ft;3375;5 365 Ft;55330;875 Ft;4;5;13;20;27;31;33;2;9;23;29;30;33;34
2008;2;2008.01.09.;0;0 Ft;109;182 940 Ft;3533;5 645 Ft;53578;990 Ft;8;9;10;23;24;26;27;1;4;11;17;26;29;33
2008;1;2008.01.02.;0;0 Ft;57;255 685 Ft;2859;5 100 Ft;43454;895 Ft;9;19;22;25;27;29;30;10;13;16;20;24;25;33
2007;52;2007.12.27.;0;0 Ft;49;278 525 Ft;2230;6 120 Ft;34129;1 070 Ft;2;12;13;18;20;25;30;6;10;12;20;23;24;28
2007;51;2007.12.19.;0;0 Ft;75;223 590 Ft;2974;5 640 Ft;45817;980 Ft;18;22;24;27;29;30;32;2;3;15;17;22;25;29
2007;50;2007.12.12.;0;0 Ft;97;175 025 Ft;3617;4 695 Ft;48699;930 Ft;2;4;8;16;18;19;32;4;15;19;21;25;27;35
2007;49;2007.12.05.;0;0 Ft;68;238 890 Ft;2960;5 490 Ft;45145;960 Ft;9;11;16;17;19;22;31;9;11;14;22;26;31;35
2007;48;2007.11.28.;0;0 Ft;57;273 503 Ft;3306;4 716 Ft;49809;835 Ft;9;13;25;27;28;29;35;3;8;10;17;19;31;32
2007;47;2007.11.21.;1;65 332 090 Ft;82;198 917 Ft;3690;4 420 Ft;54154;803 Ft;11;12;15;20;23;25;31;4;5;7;13;18;19;29
2007;46;2007.11.14.;0;0 Ft;52;314 517 Ft;2901;5 638 Ft;46653;935 Ft;1;3;4;10;15;21;27;3;4;5;7;18;26;30
2007;45;2007.11.07.;2;15 490 383 Ft;116;133 538 Ft;4606;3 363 Ft;62316;663 Ft;3;10;13;19;23;28;31;4;7;8;12;20;26;33
2007;44;2007.10.31.;1;28 036 018 Ft;131;107 008 Ft;3827;3 663 Ft;49221;759 Ft;2;10;13;17;20;21;35;2;5;11;15;19;21;33
2007;43;2007.10.24.;1;54 627 125 Ft;64;205 451 Ft;2993;4 393 Ft;45391;772 Ft;2;3;19;21;22;30;35;3;8;10;19;28;29;34
2007;42;2007.10.17.;0;0 Ft;50;283 295 Ft;2601;5 446 Ft;42167;896 Ft;13;17;18;25;30;32;35;9;20;22;24;27;29;35
2007;41;2007.10.10.;1;28 916 783 Ft;81;178 499 Ft;3701;3 907 Ft;49983;771 Ft;1;3;4;11;14;21;29;8;9;17;21;24;30;31
2007;40;2007.10.03.;1;57 345 259 Ft;72;201 267 Ft;2964;4 889 Ft;45265;854 Ft;4;7;8;12;16;27;31;1;3;4;10;14;26;29
2007;39;2007.09.26.;0;0 Ft;78;181 813 Ft;3475;4 081 Ft;42443;891 Ft;5;12;14;26;29;30;34;1;13;19;25;28;32;33
2007;38;2007.09.19.;1;213 125 803 Ft;57;278 024 Ft;3540;4 477 Ft;55687;759 Ft;4;8;9;11;13;17;30;8;9;16;23;26;28;33
2007;37;2007.09.12.;0;0 Ft;67;264 335 Ft;3335;5 310 Ft;55740;847 Ft;5;10;11;13;15;24;32;5;6;7;8;24;27;28
2007;36;2007.09.05.;0;0 Ft;76;197 993 Ft;2824;5 328 Ft;46713;859 Ft;4;6;7;21;22;28;35;6;7;16;21;22;24;34
2007;35;2007.08.29.;0;0 Ft;99;148 402 Ft;3216;4 568 Ft;43670;897 Ft;2;5;16;25;32;34;35;2;10;13;17;20;29;31
2007;34;2007.08.22.;0;0 Ft;71;198 551 Ft;3437;4 102 Ft;51736;727 Ft;3;10;14;17;20;26;27;1;3;6;7;10;17;27
2007;33;2007.08.15.;0;0 Ft;152;96 706 Ft;4981;2 951 Ft;59078;663 Ft;3;5;9;17;27;29;34;4;6;8;19;20;21;30
2007;32;2007.08.08.;0;0 Ft;41;352 914 Ft;2073;6 980 Ft;36003;1 072 Ft;9;14;20;25;26;27;35;4;5;7;11;12;16;30
2007;31;2007.08.01.;1;177 616 811 Ft;69;217 339 Ft;2994;5 009 Ft;48934;817 Ft;5;14;19;20;27;28;34;2;11;14;19;28;32;33
2007;30;2007.07.25.;0;0 Ft;79;188 239 Ft;3674;4 049 Ft;51866;765 Ft;1;3;11;24;26;31;35;6;8;12;14;18;21;34
2007;29;2007.07.18.;0;0 Ft;68;218 770 Ft;2336;6 368 Ft;38016;1 044 Ft;16;17;18;20;21;25;29;6;9;21;25;26;31;35
2007;28;2007.07.11.;0;0 Ft;55;279 249 Ft;3225;4 762 Ft;48806;839 Ft;1;2;7;12;15;24;33;4;12;14;27;32;33;35
2007;27;2007.07.04.;0;0 Ft;71;204 727 Ft;3777;3 848 Ft;42695;908 Ft;6;10;11;16;22;26;31;2;8;11;14;15;19;22
2007;26;2007.06.27.;0;0 Ft;54;262 336 Ft;3069;4 616 Ft;48371;781 Ft;3;10;14;15;18;24;35;1;5;9;11;13;14;33
2007;25;2007.06.20.;1;92 819 525 Ft;94;156 510 Ft;4079;3 607 Ft;55475;707 Ft;11;16;18;25;27;29;30;3;7;9;16;28;29;33
2007;24;2007.06.13.;0;0 Ft;76;202 356 Ft;3720;4 134 Ft;47193;869 Ft;6;11;13;16;21;31;34;3;8;9;15;25;31;35
2007;23;2007.06.06.;0;0 Ft;86;189 753 Ft;3709;4 400 Ft;59076;737 Ft;5;7;10;19;20;27;33;7;8;21;22;27;28;32
2007;22;2007.05.30.;1;88 635 445 Ft;44;325 413 Ft;2235;6 406 Ft;37085;1 030 Ft;1;6;8;15;18;26;32;3;16;20;22;26;27;28
2007;21;2007.05.23.;0;0 Ft;59;251 817 Ft;2545;5 838 Ft;44268;895 Ft;5;7;8;9;15;33;34;4;9;14;22;26;28;35
2007;20;2007.05.16.;0;0 Ft;92;164 590 Ft;3701;4 091 Ft;54497;741 Ft;7;11;14;18;23;28;29;7;11;20;26;27;28;32
2007;19;2007.05.09.;1;34 126 166 Ft;158;107 994 Ft;4884;3 494 Ft;61936;735 Ft;2;6;8;19;21;25;30;3;13;20;24;27;30;33
2007;18;2007.05.02.;1;123 282 788 Ft;79;181 287 Ft;3318;4 316 Ft;45929;832 Ft;1;8;18;22;24;32;34;3;16;21;24;25;32;33
2007;17;2007.04.25.;0;0 Ft;124;127 073 Ft;4380;3 597 Ft;54545;770 Ft;1;11;20;21;23;31;33;4;8;12;22;26;28;33
2007;16;2007.04.18.;0;0 Ft;92;173 824 Ft;4896;3 266 Ft;53348;799 Ft;4;20;21;29;31;32;34;1;3;4;5;7;11;35
2007;15;2007.04.11.;0;0 Ft;58;268 462 Ft;2871;5 423 Ft;47410;876 Ft;4;10;27;29;30;31;33;5;8;19;24;25;31;33
2007;14;2007.04.04.;1;41 393 830 Ft;85;190 552 Ft;4181;3 874 Ft;62666;689 Ft;1;2;17;21;23;27;33;1;3;5;6;13;25;28
2007;13;2007.03.28.;1;67 960 378 Ft;168;100 265 Ft;4997;3 371 Ft;62657;717 Ft;2;7;13;20;22;28;30;1;8;9;11;23;24;28
2007;12;2007.03.21.;0;0 Ft;82;208 972 Ft;3234;5 299 Ft;51811;882 Ft;1;3;5;16;18;24;28;1;18;24;31;32;33;34
2007;11;2007.03.14.;1;40 799 825 Ft;99;206 060 Ft;3745;5 447 Ft;58353;932 Ft;2;7;10;19;25;31;35;1;3;16;17;18;26;32
2007;10;2007.03.07.;1;541 357 129 Ft;137;177 631 Ft;5370;4 532 Ft;80692;804 Ft;1;3;5;11;14;19;27;15;23;24;28;29;32;35
2007;9;2007.02.28.;0;0 Ft;93;258 392 Ft;4690;5 124 Ft;68832;931 Ft;3;6;21;23;24;33;34;1;2;7;15;16;19;20
2007;8;2007.02.21.;0;0 Ft;125;190 280 Ft;6124;3 884 Ft;81357;780 Ft;5;10;12;14;19;21;28;6;9;12;16;17;28;32
2007;7;2007.02.14.;0;0 Ft;125;184 346 Ft;4751;4 850 Ft;65970;931 Ft;1;2;15;16;20;28;30;1;8;11;14;17;25;28
2007;6;2007.02.07.;0;0 Ft;213;100 810 Ft;7623;2 817 Ft;93202;614 Ft;2;17;19;22;23;31;33;7;9;18;22;24;29;34
2007;5;2007.01.31.;0;0 Ft;107;192 299 Ft;4867;4 228 Ft;70083;783 Ft;12;17;19;21;24;28;33;3;11;14;16;22;30;35
2007;4;2007.01.24.;0;0 Ft;138;123 549 Ft;5558;3 068 Ft;73027;623 Ft;3;7;16;19;23;28;33;13;18;19;22;24;31;34
2007;3;2007.01.17.;0;0 Ft;66;258 443 Ft;2722;6 266 Ft;46269;983 Ft;6;10;11;16;18;19;25;1;17;25;27;30;31;34
2007;2;2007.01.10.;0;0 Ft;69;275 580 Ft;2977;6 387 Ft;52888;959 Ft;6;7;10;12;14;15;27;5;6;7;10;11;15;25
2007;1;2007.01.03.;0;0 Ft;61;250 771 Ft;3060;4 999 Ft;44331;920 Ft;2;6;9;16;21;26;30;5;6;8;20;27;33;35
2006;52;2006.12.27.;0;0 Ft;79;180 137 Ft;3848;3 698 Ft;53291;712 Ft;2;6;8;12;15;23;30;3;11;12;13;19;26;28
2006;51;2006.12.20.;0;0 Ft;66;234 921 Ft;3130;4 954 Ft;47059;879 Ft;1;17;19;23;26;28;33;8;12;20;26;28;29;35
2006;50;2006.12.13.;0;0 Ft;75;206 905 Ft;3111;4 988 Ft;45003;920 Ft;1;2;14;18;23;29;30;1;8;11;14;18;26;30
2006;49;2006.12.06.;0;0 Ft;130;134 719 Ft;5264;3 327 Ft;70594;662 Ft;11;13;14;22;29;31;33;3;7;8;9;15;23;32
2006;48;2006.11.29.;1;89 281 333 Ft;70;212 020 Ft;3016;4 921 Ft;45249;875 Ft;1;11;12;16;19;27;29;1;3;8;16;26;27;33
2006;47;2006.11.22.;0;0 Ft;151;98 743 Ft;5451;2 735 Ft;71514;556 Ft;3;7;9;11;12;18;19;3;7;10;11;21;29;34
2006;46;2006.11.15.;0;0 Ft;72;206 792 Ft;3115;4 780 Ft;45173;879 Ft;2;4;17;20;26;27;34;5;8;17;25;26;27;32
2006;45;2006.11.08.;3;28 049 805 Ft;85;173 887 Ft;4380;3 375 Ft;59586;661 Ft;2;3;11;13;16;22;28;9;14;17;19;29;33;35
2006;44;2006.11.02.;0;0 Ft;55;243 696 Ft;2762;4 853 Ft;42831;834 Ft;8;9;12;16;22;28;29;18;20;22;23;28;32;33
2006;43;2006.10.25.;0;0 Ft;78;178 090 Ft;2699;5 147 Ft;43167;858 Ft;6;7;8;12;13;21;22;3;9;23;25;26;30;35
2006;42;2006.10.18.;3;30 599 125 Ft;128;117 979 Ft;4573;3 302 Ft;56427;714 Ft;3;7;14;18;24;25;33;4;5;14;18;20;21;34
2006;41;2006.10.11.;0;0 Ft;43;388 532 Ft;3507;4 764 Ft;59470;749 Ft;3;7;9;12;13;30;34;12;13;14;17;22;30;34
2006;40;2006.10.04.;0;0 Ft;98;143 780 Ft;3755;3 752 Ft;49868;753 Ft;1;9;11;16;18;27;29;1;3;8;17;18;22;31
2006;39;2006.09.27.;1;27 830 982 Ft;186;74 814 Ft;5137;2 709 Ft;57657;644 Ft;3;15;16;24;25;29;34;3;6;13;19;21;23;27
2006;38;2006.09.20.;1;88 684 445 Ft;75;192 700 Ft;3207;4 507 Ft;42381;909 Ft;8;11;16;20;30;32;34;11;13;20;22;24;31;33
2006;37;2006.09.13.;0;0 Ft;136;108 603 Ft;3967;3 723 Ft;53931;730 Ft;5;7;9;13;20;24;28;4;5;11;19;20;25;31
2006;36;2006.09.06.;0;0 Ft;92;164 344 Ft;3609;4 189 Ft;52142;773 Ft;5;8;11;13;14;23;25;1;9;10;15;18;27;34
2006;35;2006.08.30.;2;32 384 105 Ft;111;128 738 Ft;3667;3 897 Ft;49777;766 Ft;3;6;14;19;21;34;35;4;6;14;18;20;27;34
2006;34;2006.08.23.;0;0 Ft;108;129 344 Ft;3673;3 803 Ft;51055;730 Ft;9;14;22;24;25;30;34;2;7;9;15;21;29;33
2006;33;2006.08.16.;1;57 085 944 Ft;106;136 359 Ft;4324;3 343 Ft;56620;681 Ft;9;12;18;19;24;27;32;13;19;20;22;24;27;35
2006;32;2006.08.09.;0;0 Ft;70;201 270 Ft;3019;4 667 Ft;44311;848 Ft;1;9;12;17;19;20;29;6;12;14;16;18;20;21
2006;31;2006.08.02.;1;55 387 645 Ft;35;398 440 Ft;2597;5 370 Ft;39474;942 Ft;1;2;5;10;15;16;28;2;8;9;13;16;20;31
2006;30;2006.07.26.;0;0 Ft;51;269 577 Ft;2325;5 913 Ft;40136;913 Ft;3;4;10;16;19;24;32;13;14;15;18;28;29;31
2006;29;2006.07.19.;1;28 381 709 Ft;70;202 726 Ft;3661;3 876 Ft;55107;687 Ft;4;5;12;13;21;26;35;5;7;9;13;32;33;35
2006;28;2006.07.12.;1;29 222 970 Ft;130;112 396 Ft;3487;4 190 Ft;45308;860 Ft;8;14;17;24;26;31;34;5;8;10;12;16;34;35
2006;27;2006.07.05.;1;184 698 976 Ft;69;226 345 Ft;2931;5 328 Ft;46243;901 Ft;2;11;12;13;18;29;30;6;10;15;18;20;29;31
2006;26;2006.06.28.;0;0 Ft;39;380 008 Ft;2650;5 593 Ft;44403;890 Ft;4;16;19;20;23;27;28;8;9;19;24;26;27;28
2006;25;2006.06.21.;0;0 Ft;75;200 931 Ft;3116;4 836 Ft;45168;890 Ft;2;12;17;18;25;28;31;14;16;22;23;26;30;34
2006;24;2006.06.14.;0;0 Ft;142;109 058 Ft;4167;3 716 Ft;54021;764 Ft;1;6;9;12;19;28;32;2;8;11;14;18;20;21
2006;23;2006.06.07.;0;0 Ft;105;158 912 Ft;4372;3 817 Ft;58715;758 Ft;12;14;15;20;21;27;34;5;13;16;17;19;27;29
2006;22;2006.05.31.;0;0 Ft;93;157 737 Ft;4142;3 542 Ft;55792;701 Ft;2;7;11;19;22;23;31;1;5;10;13;18;22;25
2006;21;2006.05.24.;1;38 393 718 Ft;74;198 606 Ft;3542;4 149 Ft;52722;743 Ft;4;8;11;12;22;31;35;7;15;19;22;23;25;29
2006;20;2006.05.17.;1;63 544 467 Ft;119;126 873 Ft;3842;3 930 Ft;49148;819 Ft;4;6;10;13;21;33;35;2;7;8;15;16;30;31
2006;19;2006.05.10.;0;0 Ft;107;155 835 Ft;4229;3 943 Ft;57875;768 Ft;2;7;8;13;16;23;26;3;6;10;19;25;29;32
2006;18;2006.05.03.;2;43 530 042 Ft;109;133 954 Ft;3872;3 771 Ft;51615;754 Ft;2;13;16;27;28;29;31;2;6;13;14;21;28;34
2006;17;2006.04.26.;0;0 Ft;109;134 219 Ft;3789;3 861 Ft;50064;779 Ft;2;8;10;17;23;30;35;3;14;17;20;22;28;30
2006;16;2006.04.19.;0;0 Ft;94;152 120 Ft;2705;5 286 Ft;39925;955 Ft;3;10;12;25;26;28;32;6;12;18;19;20;25;30
2006;15;2006.04.12.;1;93 527 435 Ft;58;278 277 Ft;2981;5 414 Ft;46996;916 Ft;3;4;12;14;16;26;27;1;7;14;15;16;28;33
2006;14;2006.04.05.;0;0 Ft;83;186 787 Ft;3660;4 236 Ft;54757;755 Ft;1;4;11;15;16;27;33;1;6;7;9;17;21;23
2006;13;2006.03.29.;0;0 Ft;79;191 397 Ft;3257;4 642 Ft;47021;858 Ft;5;11;17;21;28;31;32;5;11;15;23;25;31;32
2006;12;2006.03.22.;1;103 189 207 Ft;99;166 430 Ft;4077;4 041 Ft;59353;740 Ft;4;5;7;9;14;26;35;3;9;12;25;27;32;33
2006;11;2006.03.16.;0;0 Ft;93;174 254 Ft;4020;4 031 Ft;56301;768 Ft;11;13;14;18;25;27;29;13;15;17;26;29;33;35
2006;10;2006.03.08.;0;0 Ft;122;155 020 Ft;4881;3 875 Ft;62891;802 Ft;6;9;13;16;24;33;35;6;8;10;15;23;26;33
2006;9;2006.03.01.;1;99 880 717 Ft;91;185 784 Ft;3856;4 384 Ft;57355;786 Ft;3;5;9;15;20;28;29;2;5;12;13;28;34;35
2006;8;2006.02.22.;0;0 Ft;36;458 542 Ft;2906;5 680 Ft;47399;929 Ft;2;6;11;12;14;29;34;1;2;9;17;30;33;34
2006;7;2006.02.15.;0;0 Ft;86;192 169 Ft;4227;3 910 Ft;57012;773 Ft;6;9;11;18;27;28;31;7;9;15;20;23;26;31
2006;6;2006.02.08.;3;32 534 506 Ft;120;141 296 Ft;4978;3 382 Ft;64439;697 Ft;3;6;12;27;29;31;33;1;7;18;24;26;28;30
2006;5;2006.02.01.;0;0 Ft;57;283 547 Ft;2507;6 447 Ft;42810;1 007 Ft;6;11;16;21;22;28;30;4;7;8;20;25;32;34
2006;4;2006.01.25.;0;0 Ft;83;190 410 Ft;3376;4 681 Ft;53976;781 Ft;4;5;18;23;27;29;30;1;4;6;7;12;23;31
2006;3;2006.01.18.;1;32 653 229 Ft;87;187 662 Ft;3735;4 371 Ft;54647;797 Ft;4;5;7;9;10;27;30;6;10;11;17;19;29;31
2006;2;2006.01.11.;1;104 372 862 Ft;60;344 662 Ft;3704;5 583 Ft;59792;922 Ft;5;6;9;15;27;33;34;2;4;11;13;15;16;31
2006;1;2006.01.04.;0;0 Ft;55;293 402 Ft;2336;6 908 Ft;42624;1 010 Ft;11;16;24;26;27;32;33;2;12;13;15;17;20;21
2005;52;2005.12.28.;0;0 Ft;114;134 821 Ft;4336;3 545 Ft;55482;739 Ft;12;18;21;24;27;28;35;1;8;10;16;19;23;35
2005;51;2005.12.21.;1;105 481 848 Ft;124;135 606 Ft;5060;3 323 Ft;65270;687 Ft;3;7;16;18;27;33;35;2;3;11;23;27;28;30
2005;50;2005.12.14.;0;0 Ft;45;376 743 Ft;2607;6 503 Ft;45726;989 Ft;1;5;7;11;12;26;34;18;19;20;26;27;32;35
2005;49;2005.12.07.;0;0 Ft;84;225 860 Ft;3623;5 237 Ft;54159;934 Ft;5;6;9;16;25;30;31;6;14;15;23;26;33;35
2005;48;2005.11.30.;2;15 932 560 Ft;102;156 202 Ft;3898;4 087 Ft;54222;784 Ft;2;3;13;14;21;24;34;3;8;15;16;20;24;32
2005;47;2005.11.23.;1;104 804 344 Ft;165;104 136 Ft;5730;2 999 Ft;67864;675 Ft;1;3;12;18;28;30;31;2;6;8;17;19;23;33
2005;46;2005.11.16.;0;0 Ft;72;246 116 Ft;3274;5 412 Ft;51769;913 Ft;1;10;13;14;20;23;33;5;11;22;24;25;28;30
2005;45;2005.11.09.;0;0 Ft;66;265 143 Ft;3229;5 419 Ft;53446;873 Ft;7;14;16;20;21;24;30;1;2;5;7;8;14;30
2005;44;2005.11.02.;1;64 414 506 Ft;87;177 550 Ft;3508;4 403 Ft;50332;818 Ft;8;14;19;23;26;27;33;6;10;11;14;24;29;34
2005;43;2005.10.26.;0;0 Ft;134;125 078 Ft;4447;3 769 Ft;57215;781 Ft;7;19;22;25;30;32;34;9;14;16;22;23;29;35
2005;42;2005.10.19.;1;34 311 251 Ft;75;228 742 Ft;3545;4 839 Ft;52485;872 Ft;1;9;15;21;24;27;28;1;13;15;22;33;34;35
2005;41;2005.10.12.;2;37 939 283 Ft;63;333 557 Ft;3333;6 305 Ft;54532;1 028 Ft;5;6;8;10;15;30;31;1;14;16;19;33;34;35
2005;40;2005.10.05.;0;0 Ft;68;248 899 Ft;4705;3 597 Ft;57286;788 Ft;1;4;5;6;7;24;31;2;3;5;14;18;22;33
2005;39;2005.09.28.;1;33 477 085 Ft;81;206 649 Ft;3209;5 216 Ft;48431;922 Ft;1;7;14;19;25;30;34;17;19;20;30;32;33;34
2005;38;2005.09.21.;3;72 854 886 Ft;194;104 438 Ft;6040;3 354 Ft;72823;742 Ft;1;2;6;12;18;28;30;4;6;9;11;18;24;27
2005;37;2005.09.14.;0;0 Ft;125;146 069 Ft;3629;5 031 Ft;53522;910 Ft;5;10;11;16;23;24;33;4;5;11;18;20;28;35
2005;36;2005.09.07.;0;0 Ft;45;400 841 Ft;2741;6 581 Ft;45812;1 050 Ft;1;6;10;15;16;22;32;14;15;18;22;25;32;33
2005;35;2005.08.31.;0;0 Ft;83;207 410 Ft;4315;3 990 Ft;56716;809 Ft;4;10;14;15;21;27;35;3;10;13;15;23;29;30
2005;34;2005.08.24.;0;0 Ft;106;164 621 Ft;3853;4 529 Ft;57659;807 Ft;9;11;21;25;27;33;34;1;2;4;5;18;31;33
2005;33;2005.08.17.;0;0 Ft;111;162 704 Ft;4658;3 877 Ft;64379;748 Ft;4;6;17;23;27;28;30;3;5;11;22;29;32;33
2005;32;2005.08.10.;1;386 368 333 Ft;90;326 042 Ft;4910;5 976 Ft;82299;951 Ft;1;6;15;17;19;21;26;8;12;13;15;19;25;35
2005;31;2005.08.03.;0;0 Ft;107;212 922 Ft;5646;4 035 Ft;83966;724 Ft;3;8;9;10;13;17;25;1;2;12;18;19;23;29
2005;30;2005.07.27.;0;0 Ft;141;146 906 Ft;6045;3 427 Ft;80041;690 Ft;7;8;10;12;24;27;30;6;7;13;16;19;29;32
2005;29;2005.07.20.;0;0 Ft;67;261 702 Ft;3744;4 683 Ft;56256;831 Ft;3;10;12;13;14;19;28;5;6;16;20;21;32;35
2005;28;2005.07.13.;0;0 Ft;85;209 135 Ft;3347;5 311 Ft;50289;943 Ft;5;6;10;15;20;23;26;6;8;14;26;28;32;35
2005;27;2005.07.06.;0;0 Ft;106;158 081 Ft;4627;3 621 Ft;47442;942 Ft;1;2;3;5;6;9;21;5;9;15;20;25;30;32
2005;26;2005.06.29.;0;0 Ft;108;146 686 Ft;3554;4 458 Ft;51460;821 Ft;2;3;6;9;10;12;14;3;9;10;17;18;31;35
2005;25;2005.06.22.;0;0 Ft;79;202 526 Ft;3304;4 842 Ft;52326;815 Ft;2;5;9;16;17;18;25;1;3;5;8;23;28;32
2005;24;2005.06.15.;0;0 Ft;70;228 994 Ft;3034;5 283 Ft;45161;947 Ft;14;21;24;26;27;29;31;1;5;14;15;22;34;35
2005;23;2005.06.08.;0;0 Ft;114;139 523 Ft;4362;3 646 Ft;60496;701 Ft;2;17;19;21;23;27;32;5;6;18;19;28;31;35
2005;22;2005.06.01.;1;30 603 521 Ft;131;116 807 Ft;4115;3 719 Ft;52609;776 Ft;5;9;12;18;26;30;32;2;5;9;20;27;29;33
2005;21;2005.05.25.;1;136 464 972 Ft;68;243 130 Ft;3667;4 509 Ft;51662;853 Ft;10;11;14;22;27;32;35;6;7;13;16;18;26;32
2005;20;2005.05.18.;0;0 Ft;47;346 171 Ft;3029;5 371 Ft;51276;846 Ft;16;17;18;21;25;29;34;2;7;13;14;16;19;21
2005;19;2005.05.11.;0;0 Ft;69;288 236 Ft;3159;6 296 Ft;51933;1 021 Ft;5;6;8;15;25;29;30;3;6;10;16;17;20;22
2005;18;2005.05.04.;0;0 Ft;123;126 353 Ft;4592;3 384 Ft;62055;668 Ft;4;7;10;29;31;32;34;3;7;12;13;22;30;33
2005;17;2005.04.27.;1;144 990 742 Ft;56;300 758 Ft;3287;5 124 Ft;50806;884 Ft;3;18;19;25;30;32;35;7;10;14;15;27;32;35
2005;16;2005.04.20.;0;0 Ft;54;312 447 Ft;2994;5 635 Ft;48411;929 Ft;4;14;16;19;27;28;33;15;21;22;24;27;28;30
2005;15;2005.04.13.;0;0 Ft;59;287 015 Ft;3729;4 541 Ft;57223;789 Ft;6;9;11;13;21;26;34;4;10;11;13;14;18;27
2005;14;2005.04.06.;0;0 Ft;70;226 385 Ft;3238;4 894 Ft;49924;846 Ft;7;11;14;15;22;26;35;1;8;19;24;26;28;31
2005;13;2005.03.30.;1;94 499 311 Ft;119;133 795 Ft;4567;3 486 Ft;62899;675 Ft;6;23;24;27;29;32;34;7;9;11;18;19;22;30
2005;12;2005.03.23.;0;0 Ft;67;254 265 Ft;3755;4 537 Ft;57489;790 Ft;7;13;25;28;32;33;34;6;8;12;16;29;34;35
2005;11;2005.03.16.;0;0 Ft;97;147 344 Ft;3692;3 871 Ft;51794;736 Ft;11;15;16;21;27;30;32;2;6;8;13;24;28;31
2005;10;2005.03.09.;1;240 553 926 Ft;55;352 842 Ft;3698;5 248 Ft;62959;822 Ft;2;14;19;24;30;33;35;14;21;25;26;28;29;33
2005;9;2005.03.02.;0;0 Ft;112;162 287 Ft;5215;3 485 Ft;74922;647 Ft;1;3;7;17;25;26;29;6;10;17;23;28;29;30
2005;8;2005.02.23.;0;0 Ft;93;181 298 Ft;4456;3 784 Ft;66846;673 Ft;8;19;24;28;32;34;35;8;14;17;18;19;30;31
2005;7;2005.02.16.;0;0 Ft;122;138 411 Ft;4233;3 989 Ft;63324;711 Ft;1;7;11;12;27;29;32;2;5;10;17;24;30;32
2005;6;2005.02.09.;0;0 Ft;99;185 321 Ft;4549;4 033 Ft;56910;860 Ft;3;4;11;18;30;32;35;1;2;6;16;24;26;31
2005;5;2005.02.02.;0;0 Ft;60;262 077 Ft;3197;4 919 Ft;53114;789 Ft;3;4;12;17;22;23;26;2;4;6;26;29;30;34
2005;4;2005.01.26.;0;0 Ft;84;177 098 Ft;4013;3 707 Ft;56366;704 Ft;2;13;24;27;32;33;34;4;6;7;8;26;28;30
2005;3;2005.01.19.;1;63 391 547 Ft;163;98 162 Ft;5471;2 925 Ft;67722;630 Ft;1;13;17;23;25;29;34;4;6;8;18;24;26;34
2005;2;2005.01.12.;0;0 Ft;68;230 814 Ft;3730;4 208 Ft;55729;751 Ft;1;11;12;15;16;17;22;6;7;13;16;17;27;34
2005;1;2005.01.05.;2;18 427 613 Ft;182;101 251 Ft;6523;2 825 Ft;82529;595 Ft;8;12;16;17;20;21;26;2;7;9;17;23;24;29
2004;53;2004.12.29.;1;30 146 778 Ft;107;140 873 Ft;3335;4 520 Ft;52072;772 Ft;1;6;10;11;27;31;33;3;5;11;22;26;27;32
2004;52;2004.12.22.;1;60 193 494 Ft;53;282 948 Ft;3011;4 980 Ft;51181;781 Ft;1;2;19;25;28;29;31;6;8;18;19;29;30;34
2004;51;2004.12.15.;0;0 Ft;70;215 721 Ft;3119;4 841 Ft;52056;774 Ft;8;9;16;21;22;24;35;6;14;19;22;23;25;33
2004;50;2004.12.08.;1;30 112 614 Ft;62;242 844 Ft;3168;4 753 Ft;48466;828 Ft;6;7;15;16;22;24;34;1;4;5;11;18;26;32
2004;49;2004.12.01.;2;14 506 317 Ft;146;99 358 Ft;5019;2 890 Ft;67201;576 Ft;1;12;13;19;23;26;33;4;7;15;19;23;33;35
2004;48;2004.11.24.;3;19 667 088 Ft;138;105 993 Ft;5583;2 620 Ft;65133;599 Ft;3;6;11;19;22;25;30;2;3;9;14;19;27;34
2004;47;2004.11.17.;0;0 Ft;93;159 932 Ft;3565;4 172 Ft;54689;725 Ft;3;6;11;14;21;22;30;1;2;8;14;19;22;35
2004;46;2004.11.10.;2;30 894 048 Ft;88;192 738 Ft;3489;4 861 Ft;59060;766 Ft;1;7;11;25;26;32;35;12;13;27;30;31;33;34
2004;45;2004.11.03.;0;0 Ft;60;232 219 Ft;3232;4 311 Ft;48864;760 Ft;11;19;23;26;28;30;31;13;20;23;26;29;30;35
2004;44;;1;89 170 380 Ft;77;189 147 Ft;3504;4 156 Ft;54428;714 Ft;11;16;21;22;26;27;30;9;17;18;21;27;28;31
2004;43;;0;0 Ft;81;184 376 Ft;3361;4 443 Ft;51611;772 Ft;2;5;9;20;23;25;34;5;6;9;10;22;24;34
2004;42;;0;0 Ft;58;260 111 Ft;3426;4 404 Ft;50855;791 Ft;2;13;14;15;16;23;24;1;11;12;13;15;28;31
2004;41;;1;61 923 294 Ft;165;102 629 Ft;6157;2 750 Ft;78762;573 Ft;3;7;23;24;27;31;35;4;6;18;25;27;32;34
2004;40;;0;0 Ft;65;215 813 Ft;3094;4 534 Ft;48983;764 Ft;2;22;27;29;30;31;33;3;5;8;14;15;20;25
2004;39;;1;89 724 594 Ft;106;138 764 Ft;4943;2 976 Ft;64653;607 Ft;3;6;7;10;15;20;26;1;7;9;13;17;22;31
2004;38;;0;0 Ft;79;183 337 Ft;3933;3 683 Ft;60914;634 Ft;9;11;13;17;18;28;33;14;16;18;20;22;27;35
2004;37;;0;0 Ft;70;202 424 Ft;3857;3 674 Ft;52571;719 Ft;2;7;9;10;14;24;33;16;19;20;23;29;34;35
2004;36;;1;54 676 872 Ft;59;233 227 Ft;2684;5 127 Ft;43953;835 Ft;2;10;14;15;16;24;33;6;7;9;11;16;25;33
2004;35;;0;0 Ft;79;171 874 Ft;3564;3 810 Ft;51902;698 Ft;1;3;6;9;17;22;31;5;7;8;16;22;31;32
2004;34;;1;61 207 902 Ft;109;130 058 Ft;4791;2 959 Ft;60975;620 Ft;3;4;13;24;27;32;34;6;7;14;25;26;29;32
2004;33;;0;0 Ft;43;382 039 Ft;2397;6 853 Ft;45638;960 Ft;1;12;14;16;17;22;25;10;12;15;17;18;20;35
2004;32;;1;113 373 522 Ft;74;194 760 Ft;3412;4 224 Ft;52807;728 Ft;11;13;17;21;25;30;31;10;11;14;20;21;27;35
2004;31;;0;0 Ft;52;272 266 Ft;2995;4 727 Ft;49970;756 Ft;1;3;15;23;28;34;35;4;7;8;11;12;31;32
2004;30;;0;0 Ft;55;250 623 Ft;2626;5 249 Ft;43866;838 Ft;3;10;16;26;30;32;35;5;9;10;13;14;33;35
2004;29;;0;0 Ft;84;170 624 Ft;3645;3 932 Ft;52437;729 Ft;8;11;14;18;28;34;35;3;6;13;14;26;30;31
2004;28;;1;28 285 308 Ft;112;126 274 Ft;4067;3 477 Ft;60370;625 Ft;14;15;19;21;32;34;35;7;9;13;20;21;22;27
2004;27;;1;56 492 622 Ft;47;300 225 Ft;2771;5 092 Ft;44773;840 Ft;1;10;20;23;29;31;33;5;14;15;20;22;23;24
2004;26;;0;0 Ft;71;199 095 Ft;3470;4 074 Ft;49520;761 Ft;1;2;13;14;18;26;33;8;17;19;20;28;29;30
2004;25;;1;192 109 806 Ft;113;141 198 Ft;4765;3 348 Ft;64978;655 Ft;3;9;13;15;25;28;34;3;4;16;21;25;27;35
2004;24;;0;0 Ft;98;181 240 Ft;3801;4 673 Ft;58657;807 Ft;1;2;16;20;21;27;32;3;9;11;12;14;18;20
2004;23;;0;0 Ft;68;214 293 Ft;3353;4 346 Ft;51566;754 Ft;8;10;11;14;16;19;32;9;18;19;27;30;34;35
2004;22;;0;0 Ft;60;250 269 Ft;2851;5 267 Ft;47159;849 Ft;4;10;11;14;15;21;32;2;6;10;17;30;31;35
2004;21;;0;0 Ft;97;155 351 Ft;3509;4 294 Ft;52697;763 Ft;4;6;10;16;18;31;33;6;10;19;20;21;27;29
2004;20;;0;0 Ft;108;163 712 Ft;4283;4 128 Ft;65503;720 Ft;4;5;10;13;20;21;32;1;3;8;14;21;24;25
2004;19;;1;29 568 078 Ft;91;162 462 Ft;3589;4 119 Ft;55242;714 Ft;4;6;13;23;29;34;35;5;6;21;22;28;29;31
2004;18;;1;216 072 324 Ft;142;124 797 Ft;4892;3 622 Ft;65682;719 Ft;4;12;17;24;29;31;33;2;15;16;26;28;32;35
2004;17;;0;0 Ft;90;175 688 Ft;3882;4 073 Ft;55435;761 Ft;2;17;18;21;29;31;33;1;16;17;21;27;31;32
2004;16;;0;0 Ft;58;261 175 Ft;2743;5 522 Ft;48059;841 Ft;6;10;23;27;32;33;35;1;8;11;14;16;21;30
2004;15;;0;0 Ft;83;185 442 Ft;3066;5 020 Ft;48521;846 Ft;10;19;20;25;29;31;34;4;14;21;25;30;31;33
2004;14;;0;0 Ft;101;144 652 Ft;4716;3 098 Ft;62603;622 Ft;9;11;15;17;21;26;32;4;7;21;24;28;32;33
2004;13;;0;0 Ft;113;132 482 Ft;3818;3 921 Ft;60796;657 Ft;9;15;17;18;20;21;33;3;7;8;10;12;14;17
2004;12;;0;0 Ft;70;205 472 Ft;2852;5 043 Ft;47298;811 Ft;5;19;21;24;26;28;30;1;4;6;11;13;30;33
2004;11;;1;30 958 182 Ft;111;139 451 Ft;4546;3 405 Ft;62487;661 Ft;1;3;7;22;24;26;34;2;4;17;20;22;28;35
2004;10;;1;134 215 704 Ft;91;178 761 Ft;4867;3 342 Ft;71650;605 Ft;7;9;21;22;23;24;29;2;7;14;23;24;31;32
2004;9;;0;0 Ft;144;108 952 Ft;5218;3 007 Ft;67443;620 Ft;1;7;19;23;25;27;35;4;19;23;24;27;32;35
2004;8;;0;0 Ft;54;295 674 Ft;2578;6 193 Ft;46359;918 Ft;1;4;5;18;26;27;34;1;2;11;24;30;32;34
2004;7;;0;0 Ft;77;249 157 Ft;4192;4 577 Ft;67344;760 Ft;2;11;12;15;16;23;28;5;12;17;22;27;30;31
2004;6;;2;15 180 291 Ft;48;316 256 Ft;3054;4 971 Ft;47982;844 Ft;2;4;14;15;24;28;31;1;11;14;24;26;27;30
2004;5;;1;92 536 812 Ft;128;119 219 Ft;3479;4 386 Ft;50446;807 Ft;7;14;16;22;25;26;28;1;2;3;4;16;18;32
2004;4;;0;0 Ft;75;206 598 Ft;4086;3 792 Ft;59703;692 Ft;1;7;15;16;19;20;22;3;7;23;25;30;31;33
2004;3;;0;0 Ft;74;209 642 Ft;3592;4 319 Ft;55284;748 Ft;1;2;4;8;9;28;35;7;9;10;15;20;28;30
2004;2;;1;30 535 362 Ft;103;148 230 Ft;3725;4 099 Ft;55301;736 Ft;1;4;8;11;16;25;28;3;12;13;14;20;21;31
2004;1;;5;40 245 932 Ft;253;66 981 Ft;6296;2 692 Ft;71550;632 Ft;6;8;9;15;26;28;30;7;9;18;21;24;29;32
2003;52;;0;0 Ft;64;249 560 Ft;3425;4 663 Ft;52549;811 Ft;9;11;21;25;26;27;34;4;15;18;20;21;25;32
2003;51;;0;0 Ft;67;251 437 Ft;3635;4 634 Ft;54112;830 Ft;6;10;16;17;18;30;31;1;6;9;12;14;19;31
2003;50;;0;0 Ft;160;107 344 Ft;3671;4 679 Ft;60719;754 Ft;11;14;16;17;21;27;29;7;16;25;29;30;31;35
2003;49;;0;0 Ft;93;222 317 Ft;4140;4 994 Ft;69804;790 Ft;17;19;20;22;27;28;29;2;11;14;15;21;23;26
2003;48;;1;65 462 310 Ft;203;81 334 Ft;6346;2 602 Ft;76933;572 Ft;5;7;14;23;26;27;30;6;9;17;19;21;29;34
2003;47;;0;0 Ft;79;205 320 Ft;3291;4 929 Ft;51899;833 Ft;1;6;13;19;21;24;30;1;4;5;6;10;17;30
2003;46;;1;203 417 964 Ft;137;128 138 Ft;4888;3 591 Ft;65444;715 Ft;2;6;12;16;18;24;29;5;6;9;10;11;13;25
2003;45;;0;0 Ft;163;100 970 Ft;5762;2 856 Ft;72194;608 Ft;5;17;18;19;27;34;35;2;4;10;12;23;28;32
2003;44;;0;0 Ft;102;151 775 Ft;3621;4 275 Ft;53357;774 Ft;5;6;12;16;18;29;31;6;13;18;25;26;32;33
2003;43;;0;0 Ft;214;74 506 Ft;6380;2 499 Ft;75193;565 Ft;2;6;10;12;18;28;32;2;3;9;12;23;25;27
2003;42;;0;0 Ft;85;183 628 Ft;3192;4 890 Ft;50554;823 Ft;1;4;18;20;29;32;35;1;2;8;9;10;16;23
2003;41;;0;0 Ft;242;85 382 Ft;7532;2 743 Ft;92764;594 Ft;3;6;14;17;24;29;34;2;4;9;11;16;19;29
2003;40;;1;56 954 520 Ft;44;325 973 Ft;2305;6 222 Ft;41746;916 Ft;3;4;10;14;26;28;32;8;9;13;15;16;26;35
2003;39;;0;0 Ft;82;172 372 Ft;3160;4 473 Ft;52450;719 Ft;4;9;21;22;27;33;34;3;6;21;27;28;30;33
2003;38;;1;145 129 212 Ft;80;186 668 Ft;4203;3 553 Ft;62948;633 Ft;7;12;14;18;23;33;34;3;7;8;20;21;26;35
2003;37;;0;0 Ft;140;121 933 Ft;5274;3 237 Ft;73879;616 Ft;7;18;19;26;27;28;34;4;8;10;19;28;33;34
2003;36;;0;0 Ft;70;199 118 Ft;3282;4 247 Ft;51524;721 Ft;5;9;12;15;17;22;32;3;4;14;24;30;34;35
2003;35;;0;0 Ft;71;189 626 Ft;3024;4 452 Ft;47725;752 Ft;2;4;8;29;32;33;35;1;7;9;12;21;26;30
2003;34;;0;0 Ft;67;196 401 Ft;3158;4 167 Ft;48276;727 Ft;4;17;19;22;24;26;29;10;14;23;30;31;33;35
2003;33;;1;138 520 044 Ft;78;190 664 Ft;3294;4 515 Ft;50222;790 Ft;2;5;10;14;25;26;29;2;3;5;12;22;26;35
2003;32;;0;0 Ft;45;310 468 Ft;2431;5 747 Ft;44362;840 Ft;2;3;9;15;26;27;29;6;13;16;18;19;20;34
2003;31;;0;0 Ft;97;139 210 Ft;4234;3 189 Ft;53975;667 Ft;5;12;14;18;22;24;25;1;10;17;21;25;27;29
2003;30;;0;0 Ft;47;285 115 Ft;2336;5 736 Ft;39963;894 Ft;6;7;12;16;18;32;33;9;15;16;21;25;31;34
2003;29;;0;0 Ft;63;214 498 Ft;3217;4 201 Ft;48290;746 Ft;1;15;16;19;27;31;32;3;11;12;17;24;29;33
2003;28;;1;26 829 738 Ft;58;231 291 Ft;3492;3 842 Ft;54375;658 Ft;5;7;17;22;27;29;30;10;17;19;22;25;30;34
2003;27;;1;110 906 964 Ft;66;208 463 Ft;3796;3 624 Ft;52002;706 Ft;6;10;14;22;31;33;34;4;7;15;17;18;26;27
2003;26;;0;0 Ft;116;116 723 Ft;4108;3 296 Ft;54093;667 Ft;2;9;12;17;23;30;32;1;6;7;14;20;21;33
2003;25;;0;0 Ft;100;135 403 Ft;4784;2 830 Ft;67227;537 Ft;2;5;9;20;21;22;23;3;8;9;13;17;22;23
2003;24;;0;0 Ft;141;103 651 Ft;5732;2 550 Ft;72323;539 Ft;4;7;13;17;19;25;26;1;7;17;18;29;30;33
2003;23;;1;26 012 718 Ft;90;144 515 Ft;3725;3 492 Ft;55495;625 Ft;9;10;13;17;23;28;31;4;10;12;13;17;18;34
2003;22;;2;12 991 734 Ft;80;162 397 Ft;3454;3 761 Ft;52152;664 Ft;4;13;18;28;31;34;35;2;5;10;15;19;28;32
2003;21;;1;55 476 972 Ft;80;174 510 Ft;3342;4 177 Ft;48476;768 Ft;5;6;9;14;18;20;30;5;10;13;17;20;26;32
2003;20;;0;0 Ft;126;109 347 Ft;5030;2 739 Ft;64656;568 Ft;8;11;19;22;24;29;35;3;13;16;18;22;28;35
2003;19;;1;55 164 276 Ft;123;109 925 Ft;4737;2 854 Ft;58453;617 Ft;1;7;18;27;30;33;35;10;12;14;25;27;31;34
2003;18;;0;0 Ft;72;195 296 Ft;3880;3 624 Ft;58479;641 Ft;2;13;15;19;24;26;32;3;4;7;13;20;32;33
2003;17;;1;136 554 066 Ft;57;254 327 Ft;3031;4 783 Ft;48643;795 Ft;7;16;24;26;30;32;35;1;2;8;9;11;29;33
2003;16;;0;0 Ft;54;288 408 Ft;3357;4 639 Ft;56341;737 Ft;6;7;11;12;13;23;30;11;12;15;22;28;29;34
2003;15;;0;0 Ft;129;182 526 Ft;5152;4 570 Ft;76789;818 Ft;6;9;22;24;32;33;34;1;10;15;17;26;29;31
2003;14;;0;0 Ft;94;155 963 Ft;4331;3 385 Ft;61087;640 Ft;3;17;18;21;23;29;31;4;5;10;14;22;31;33
2003;13;;1;30 053 124 Ft;128;117 395 Ft;4234;3 549 Ft;56798;705 Ft;2;4;7;12;28;31;35;1;4;10;19;25;30;35
2003;12;;1;64 637 226 Ft;159;99 254 Ft;5878;2 685 Ft;75128;560 Ft;9;13;15;17;19;28;31;2;5;7;15;18;33;35
2003;11;;0;0 Ft;76;217 595 Ft;2994;5 523 Ft;52748;836 Ft;6;7;10;12;24;25;29;3;9;10;11;16;22;26
2003;10;;2;33 766 911 Ft;65;260 402 Ft;3246;5 214 Ft;56413;800 Ft;2;9;10;11;12;21;27;1;20;22;25;27;28;32
2003;9;;0;0 Ft;50;336 815 Ft;3274;5 144 Ft;53269;843 Ft;4;6;13;14;16;29;35;5;14;15;18;20;22;25
2003;8;;2;56 713 266 Ft;69;266 786 Ft;3905;4 714 Ft;66132;742 Ft;7;10;14;18;19;25;31;10;13;14;17;18;27;32
2003;7;;0;0 Ft;57;347 353 Ft;3219;6 151 Ft;58477;903 Ft;4;10;19;23;24;25;35;2;12;13;14;16;20;21
2003;6;;0;0 Ft;98;188 836 Ft;4802;3 854 Ft;71291;692 Ft;1;7;12;20;29;30;31;2;12;22;23;28;29;31
2003;5;;2;239 909 994 Ft;548;57 973 Ft;14577;2 179 Ft;158222;535 Ft;4;7;11;15;25;33;34;3;9;17;19;22;28;34
2003;4;;0;0 Ft;124;242 476 Ft;6591;4 562 Ft;101081;793 Ft;6;16;17;21;23;32;35;14;16;17;21;27;29;31
2003;3;;0;0 Ft;162;149 179 Ft;6837;3 535 Ft;96882;665 Ft;3;10;12;13;18;21;27;1;2;9;16;20;25;32
2003;2;;0;0 Ft;99;215 686 Ft;4383;4 872 Ft;72806;782 Ft;1;7;8;9;14;20;31;1;3;7;20;28;32;33
2003;1;;0;0 Ft;118;121 425 Ft;4009;3 574 Ft;58231;656 Ft;4;13;23;24;25;27;30;1;8;12;18;21;28;30
2002;52;;0;0 Ft;79;138 948 Ft;2788;3 937 Ft;42771;684 Ft;7;8;19;22;23;32;33;6;12;19;20;22;24;25
2002;51;;0;0 Ft;86;168 193 Ft;3683;3 927 Ft;54303;710 Ft;4;9;12;24;25;30;35;6;8;11;13;14;21;23
2002;50;;0;0 Ft;103;142 208 Ft;3710;3 948 Ft;52668;742 Ft;3;13;19;20;25;26;30;1;3;12;15;27;30;34
2002;49;;0;0 Ft;70;205 699 Ft;3498;4 116 Ft;48932;785 Ft;9;17;18;20;30;31;34;2;11;14;15;18;25;27
2002;48;;0;0 Ft;59;231 140 Ft;2704;5 043 Ft;44897;810 Ft;2;3;16;23;24;30;34;4;10;14;19;21;31;34
2002;47;;0;0 Ft;56;239 627 Ft;3015;4 451 Ft;44726;800 Ft;1;8;10;15;21;22;29;14;15;17;21;27;31;34
2002;46;;0;0 Ft;72;183 403 Ft;3052;4 327 Ft;44371;794 Ft;2;5;9;15;16;22;24;4;6;14;25;26;27;29
2002;45;;0;0 Ft;72;168 208 Ft;3149;3 846 Ft;47383;682 Ft;5;7;14;21;26;27;31;3;5;8;10;14;24;26
2002;44;;0;0 Ft;36;315 701 Ft;2003;5 674 Ft;34832;870 Ft;1;2;7;16;17;22;24;1;8;11;20;26;32;33
2002;43;;1;137 975 580 Ft;46;251 001 Ft;2254;5 122 Ft;40053;769 Ft;5;10;18;20;24;25;28;2;3;12;15;17;22;26
2002;42;;0;0 Ft;53;228 949 Ft;2823;4 298 Ft;45997;703 Ft;8;18;20;23;27;28;32;5;18;24;26;28;30;35
2002;41;;0;0 Ft;59;196 511 Ft;2569;4 513 Ft;41739;741 Ft;2;3;10;14;18;23;24;2;7;8;21;22;30;31
2002;40;;0;0 Ft;38;296 539 Ft;2177;5 176 Ft;36877;815 Ft;7;11;18;19;20;22;26;8;12;15;16;21;31;33
2002;39;;0;0 Ft;44;257 415 Ft;2229;5 081 Ft;36904;818 Ft;1;2;10;11;12;25;33;2;5;10;21;22;32;35
2002;38;;0;0 Ft;60;185 309 Ft;2536;4 384 Ft;36839;805 Ft;1;4;6;14;19;27;31;1;2;6;8;15;25;31
2002;37;;1;203 477 292 Ft;71;175 201 Ft;2747;4 528 Ft;42809;775 Ft;12;14;16;22;30;32;34;7;10;11;22;25;27;29
2002;36;;0;0 Ft;44;267 247 Ft;2020;5 821 Ft;34691;904 Ft;6;9;15;20;23;32;33;19;20;22;27;30;34;35
2002;35;;0;0 Ft;74;154 792 Ft;3314;3 456 Ft;47737;640 Ft;7;9;12;13;15;20;23;4;5;8;15;18;24;26
2002;34;;0;0 Ft;53;197 562 Ft;2630;3 981 Ft;40676;686 Ft;1;4;7;17;20;24;25;2;5;7;9;10;21;25
2002;33;;0;0 Ft;44;270 070 Ft;2138;5 558 Ft;35599;890 Ft;1;15;26;27;32;33;35;1;5;7;9;26;30;33
2002;32;;0;0 Ft;89;125 344 Ft;3560;3 134 Ft;47533;626 Ft;1;2;12;13;22;24;28;8;19;21;22;25;33;35
2002;31;;0;0 Ft;52;207 794 Ft;2270;4 760 Ft;34165;843 Ft;5;9;20;23;26;34;35;1;4;21;25;27;30;35
2002;30;;0;0 Ft;63;174 507 Ft;2224;4 943 Ft;38165;768 Ft;6;12;13;16;19;32;34;3;4;6;11;25;28;33
2002;29;;0;0 Ft;50;215 543 Ft;2222;4 850 Ft;35783;803 Ft;5;12;20;25;29;31;35;7;8;16;28;30;31;32
2002;28;;1;21 559 824 Ft;93;115 913 Ft;3456;3 119 Ft;46357;620 Ft;1;4;6;11;12;13;17;3;5;7;10;18;19;30
2002;27;;2;33 178 248 Ft;60;182 661 Ft;2807;3 904 Ft;41181;710 Ft;6;10;12;18;23;26;35;3;5;11;22;26;27;31
2002;26;;0;0 Ft;39;290 996 Ft;2148;5 283 Ft;37579;805 Ft;6;8;9;12;18;33;34;1;14;16;21;23;28;29
2002;25;;0;0 Ft;55;197 632 Ft;2542;4 276 Ft;39059;742 Ft;10;13;20;21;24;29;31;1;12;17;18;23;28;35
2002;24;;1;50 491 188 Ft;60;195 270 Ft;3254;3 601 Ft;46154;677 Ft;1;3;7;13;16;30;35;1;6;7;15;27;28;29
2002;23;;0;0 Ft;72;187 908 Ft;3371;4 013 Ft;48468;744 Ft;3;9;10;11;20;30;35;1;5;9;11;16;21;25
2002;22;;1;68 777 532 Ft;58;198 864 Ft;2476;4 658 Ft;36482;843 Ft;1;4;12;14;20;23;25;1;3;8;22;25;26;32
2002;21;;0;0 Ft;62;181 025 Ft;2691;4 171 Ft;41372;723 Ft;2;5;13;28;29;32;35;2;3;10;16;24;25;31
2002;20;;0;0 Ft;121;96 125 Ft;4069;2 858 Ft;51359;604 Ft;3;5;8;10;20;23;27;5;6;7;14;17;24;35
2002;19;;1;95 629 968 Ft;57;209 602 Ft;3223;3 707 Ft;48622;655 Ft;6;8;13;14;23;24;34;4;5;8;11;15;17;35
2002;18;;0;0 Ft;56;224 236 Ft;2660;4 721 Ft;42929;780 Ft;4;16;22;23;32;34;35;7;10;12;19;20;28;32
2002;17;;0;0 Ft;120;95 824 Ft;3934;2 923 Ft;49067;625 Ft;3;10;13;26;32;33;35;5;8;10;14;17;24;28
2002;16;;0;0 Ft;51;231 600 Ft;2353;5 020 Ft;40662;775 Ft;17;18;22;23;29;32;35;6;7;10;15;17;22;34
2002;15;;1;23 980 086 Ft;95;126 211 Ft;3359;3 570 Ft;47510;673 Ft;8;9;15;17;27;28;35;5;15;18;21;24;32;34
2002;14;;1;47 474 460 Ft;43;264 065 Ft;2320;4 894 Ft;36730;824 Ft;1;12;14;23;29;30;31;6;7;8;12;21;26;27
2002;13;;0;0 Ft;43;287 963 Ft;2864;4 323 Ft;48939;675 Ft;1;3;4;5;23;29;31;2;3;5;6;11;20;31
2002;12;;1;163 827 432 Ft;86;178 711 Ft;4281;3 590 Ft;63391;647 Ft;2;8;9;13;23;25;28;1;8;9;11;12;15;25
2002;11;;0;0 Ft;65;203 061 Ft;3381;3 904 Ft;46990;749 Ft;2;6;9;20;24;30;34;2;8;11;14;18;20;33
2002;10;;0;0 Ft;69;237 661 Ft;3576;4 586 Ft;58787;744 Ft;1;2;4;15;18;22;28;1;7;10;13;14;31;34
2002;9;;0;0 Ft;110;111 098 Ft;3681;3 320 Ft;51738;630 Ft;1;2;4;16;19;30;34;4;5;7;13;25;28;33
2002;8;;0;0 Ft;53;232 412 Ft;2422;5 086 Ft;37483;876 Ft;4;6;17;19;25;26;35;1;2;3;15;16;22;24
2002;7;;0;0 Ft;51;243 301 Ft;2517;4 930 Ft;42003;788 Ft;5;6;9;11;15;29;31;9;20;21;23;24;34;35
2002;6;;1;118 747 926 Ft;50;250 971 Ft;2677;4 688 Ft;39635;844 Ft;1;2;6;12;13;25;31;3;6;15;17;20;22;31
2002;5;;0;0 Ft;84;143 103 Ft;3349;3 589 Ft;50391;636 Ft;9;11;13;14;19;21;26;3;6;14;17;18;22;27
2002;4;;0;0 Ft;89;133 591 Ft;3538;3 361 Ft;49464;641 Ft;5;15;17;21;27;30;34;2;8;9;13;21;25;34
2002;3;;0;0 Ft;45;257 917 Ft;2393;4 850 Ft;38817;797 Ft;1;6;7;8;14;22;29;1;3;6;20;23;25;35
2002;2;;0;0 Ft;53;213 375 Ft;2356;4 800 Ft;37303;808 Ft;6;11;17;19;20;29;30;3;9;14;15;17;26;30
2002;1;;1;84 743 640 Ft;120;83 562 Ft;4115;2 437 Ft;51658;518 Ft;4;11;15;26;29;32;35;3;5;7;13;18;19;24
2001;52;;0;0 Ft;33;271 703 Ft;2001;4 481 Ft;33959;704 Ft;7;8;16;18;31;34;35;2;7;8;21;29;34;35
2001;51;;0;0 Ft;52;222 188 Ft;2282;5 063 Ft;38699;796 Ft;16;18;22;24;32;33;35;9;15;17;18;19;24;25
2001;50;;0;0 Ft;77;153 564 Ft;3045;3 883 Ft;48136;655 Ft;2;7;12;14;20;21;24;7;8;9;10;17;23;30
2001;49;;1;172 541 344 Ft;81;158 206 Ft;3448;3 717 Ft;52663;649 Ft;2;3;10;18;23;27;33;1;5;10;11;12;15;28
2001;48;;0;0 Ft;48;278 703 Ft;3097;4 320 Ft;49997;714 Ft;3;4;6;7;9;17;32;4;8;9;15;16;22;26
2001;47;;0;0 Ft;72;187 656 Ft;2977;4 539 Ft;45512;792 Ft;1;6;7;13;25;30;31;4;10;15;18;26;27;35
2001;46;;0;0 Ft;45;269 051 Ft;2360;5 130 Ft;38711;834 Ft;7;10;12;15;16;30;32;9;21;23;26;29;31;34
2001;45;;0;0 Ft;78;143 843 Ft;3168;3 542 Ft;47383;631 Ft;1;11;19;23;25;28;31;3;5;11;12;17;25;29
2001;44;;0;0 Ft;42;265 145 Ft;2038;5 464 Ft;32248;921 Ft;1;9;10;14;20;34;35;2;3;7;11;16;24;30
2001;43;;0;0 Ft;40;252 599 Ft;2320;4 355 Ft;35617;756 Ft;6;17;18;19;28;34;35;1;2;7;14;18;25;30
2001;42;;2;22 681 395 Ft;156;72 962 Ft;4998;2 277 Ft;55822;544 Ft;5;7;12;23;26;27;33;4;8;10;12;18;22;24
2001;41;;0;0 Ft;48;235 403 Ft;2217;5 097 Ft;35132;858 Ft;2;6;8;14;21;27;30;8;9;22;26;30;31;35
2001;40;;1;117 636 228 Ft;60;193 557 Ft;2934;3 958 Ft;43834;707 Ft;3;11;17;18;20;21;24;3;6;16;19;26;28;32
2001;39;;0;0 Ft;54;214 629 Ft;2833;4 091 Ft;44508;694 Ft;1;3;4;19;23;24;34;5;10;13;15;22;32;35
2001;38;;0;0 Ft;83;144 274 Ft;3229;3 708 Ft;45105;708 Ft;11;12;14;17;18;26;35;2;6;8;13;17;23;34
2001;37;;0;0 Ft;46;262 066 Ft;2314;5 210 Ft;37111;866 Ft;7;11;20;22;31;32;33;4;9;14;16;22;26;27
2001;36;;0;0 Ft;60;193 082 Ft;2869;4 038 Ft;46339;667 Ft;2;11;13;14;17;22;28;3;4;5;6;22;24;34
2001;35;;1;45 392 310 Ft;94;123 031 Ft;3665;3 155 Ft;53700;574 Ft;7;9;13;31;32;34;35;2;3;4;13;19;26;28
2001;34;;0;0 Ft;73;152 483 Ft;2886;3 857 Ft;41985;707 Ft;6;10;21;24;31;33;35;3;4;6;8;9;11;17
2001;33;;1;195 293 952 Ft;78;166 319 Ft;3264;3 975 Ft;48426;714 Ft;4;5;11;14;22;27;34;1;8;16;18;19;23;31
2001;32;;0;0 Ft;75;166 272 Ft;3134;3 979 Ft;47349;702 Ft;3;6;14;18;19;28;35;7;14;15;17;19;26;30
2001;31;;0;0 Ft;55;216 119 Ft;2453;4 846 Ft;39890;795 Ft;2;24;25;29;31;32;34;8;11;15;24;26;29;31
2001;30;;0;0 Ft;49;246 717 Ft;2737;4 417 Ft;48527;664 Ft;1;13;15;18;23;27;28;5;18;23;24;25;29;32
2001;29;;0;0 Ft;50;238 917 Ft;2803;4 262 Ft;43378;734 Ft;3;5;10;22;30;31;34;4;12;18;21;24;25;29
2001;28;;0;0 Ft;138;97 891 Ft;4625;2 921 Ft;55663;647 Ft;2;4;6;8;9;14;15;3;5;7;12;14;29;32
2001;27;;0;0 Ft;76;152 489 Ft;2744;4 223 Ft;38773;797 Ft;2;11;14;23;26;29;34;13;14;18;20;26;33;35
2001;26;;0;0 Ft;44;254 181 Ft;2350;4 759 Ft;36762;811 Ft;6;8;17;21;28;32;33;10;12;14;20;25;31;35
2001;25;;1;166 844 934 Ft;134;91 655 Ft;4359;2 818 Ft;52340;626 Ft;2;7;19;23;24;26;33;15;18;21;25;28;31;34
2001;24;;0;0 Ft;47;261 968 Ft;1736;7 092 Ft;28045;1 171 Ft;15;20;21;25;26;31;32;5;6;14;15;25;26;27
2001;23;;0;0 Ft;39;296 696 Ft;2444;4 735 Ft;39135;788 Ft;2;3;4;10;11;15;33;2;6;7;22;27;30;34
2001;22;;0;0 Ft;42;273 175 Ft;2480;4 626 Ft;39561;773 Ft;2;6;8;24;27;28;33;2;10;11;15;16;23;35
2001;21;;0;0 Ft;35;336 406 Ft;2057;5 724 Ft;37211;844 Ft;2;5;23;24;25;28;33;2;10;16;18;20;21;23
2001;20;;0;0 Ft;114;105 121 Ft;3742;3 202 Ft;45104;709 Ft;1;5;11;15;18;22;34;5;6;18;21;25;28;31
2001;19;;0;0 Ft;42;286 330 Ft;2710;4 438 Ft;43696;734 Ft;1;6;15;17;21;27;31;3;4;11;13;15;20;33
2001;18;;1;177 395 742 Ft;74;153 413 Ft;3320;3 419 Ft;45556;665 Ft;3;8;19;20;23;26;32;4;10;12;13;15;23;32
2001;17;;0;0 Ft;50;259 761 Ft;2153;6 033 Ft;34554;1 002 Ft;1;2;8;15;24;26;35;8;9;11;15;20;26;34
2001;16;;0;0 Ft;52;239 452 Ft;2621;4 751 Ft;46064;721 Ft;3;15;18;19;22;26;31;1;5;11;13;14;17;33
2001;15;;0;0 Ft;66;232 622 Ft;3847;3 991 Ft;59553;687 Ft;2;3;5;7;15;25;34;5;6;8;13;24;31;32
2001;14;;0;0 Ft;106;113 070 Ft;3840;3 121 Ft;49640;644 Ft;1;3;9;11;13;24;25;4;6;16;17;20;21;35
2001;13;;0;0 Ft;28;436 210 Ft;1798;6 793 Ft;31085;1 048 Ft;7;8;9;16;25;31;32;1;2;16;25;26;30;34
2001;12;;0;0 Ft;90;137 260 Ft;3076;4 016 Ft;45491;724 Ft;2;5;9;12;14;16;19;1;8;9;24;27;30;34
2001;11;;2;52 816 995 Ft;94;142 545 Ft;3928;3 411 Ft;57894;617 Ft;3;5;9;11;12;22;23;15;22;24;27;29;34;35
2001;10;;0;0 Ft;60;218 894 Ft;2958;4 440 Ft;44507;787 Ft;2;13;23;26;27;30;34;1;14;16;17;26;28;34
2001;9;;0;0 Ft;96;136 483 Ft;4228;3 099 Ft;60142;581 Ft;3;8;10;20;24;28;33;3;7;19;24;26;29;31
2001;8;;0;0 Ft;49;269 017 Ft;2899;4 547 Ft;45740;769 Ft;4;10;15;23;24;32;35;4;5;7;8;16;22;28
2001;7;;1;104 846 634 Ft;53;258 072 Ft;3213;4 257 Ft;48794;748 Ft;6;7;12;20;23;25;31;5;7;8;14;15;25;28
2001;6;;0;0 Ft;48;276 443 Ft;2909;4 561 Ft;49033;722 Ft;6;7;9;13;30;31;32;4;7;13;16;30;33;34
2001;5;;0;0 Ft;64;198 616 Ft;3704;3 432 Ft;55329;613 Ft;1;4;18;23;25;26;28;6;9;13;17;19;32;33
2001;4;;0;0 Ft;70;182 355 Ft;3235;3 946 Ft;47491;717 Ft;1;4;8;10;16;18;27;1;9;18;21;23;24;31
2001;3;;1;79 620 858 Ft;71;193 296 Ft;3522;3 897 Ft;53048;690 Ft;3;11;14;16;21;31;35;3;4;11;22;25;28;33
2001;2;;0;0 Ft;91;150 737 Ft;3430;3 999 Ft;49702;736 Ft;11;14;21;24;25;28;34;3;5;15;23;24;25;34
2001;1;;0;0 Ft;58;213 264 Ft;2346;5 272 Ft;32972;1 000 Ft;1;2;6;9;10;15;20;16;17;18;25;26;28;29
2000;52;;2;25 176 114 Ft;180;67 132 Ft;7589;1 592 Ft;70638;456 Ft;3;7;8;17;23;26;29;1;7;13;19;20;22;29
2000;51;;0;0 Ft;54;242 452 Ft;2467;5 307 Ft;40324;866 Ft;2;3;15;17;21;29;35;16;18;19;24;25;26;30
2000;50;;1;81 393 174 Ft;75;186 292 Ft;3768;3 708 Ft;57720;645 Ft;10;17;18;19;23;27;34;1;9;12;16;19;21;22
2000;49;;0;0 Ft;81;167 314 Ft;3852;3 518 Ft;45699;791 Ft;2;4;9;11;23;26;28;6;11;12;16;18;26;31
2000;48;;0;0 Ft;98;134 411 Ft;5071;2 598 Ft;60084;585 Ft;2;8;29;30;31;32;35;3;7;8;13;25;27;31
2000;47;;2;13 430 556 Ft;135;99 486 Ft;7232;1 857 Ft;66948;535 Ft;3;8;13;17;23;32;33;5;7;10;11;15;25;31
2000;46;;1;27 424 818 Ft;57;240 569 Ft;2960;4 633 Ft;49375;741 Ft;6;8;23;27;28;31;35;2;11;16;18;19;22;28
2000;45;;2;39 980 421 Ft;178;76 197 Ft;4749;2 856 Ft;58589;617 Ft;1;12;15;17;25;28;35;1;3;7;10;18;21;27
2000;44;;0;0 Ft;74;180 912 Ft;3118;4 294 Ft;48192;741 Ft;2;9;14;17;20;30;34;6;11;13;15;19;29;30
2000;43;;0;0 Ft;93;140 106 Ft;4235;3 077 Ft;58163;597 Ft;4;10;17;25;27;29;33;5;9;18;21;27;28;31
2000;42;;1;115 208 442 Ft;145;101 176 Ft;4473;3 280 Ft;59531;657 Ft;1;6;10;13;22;25;33;3;13;20;23;24;30;32
2000;41;;0;0 Ft;66;221 547 Ft;3895;3 754 Ft;61024;639 Ft;2;12;13;14;19;28;32;5;18;23;26;28;29;33
2000;40;;0;0 Ft;129;109 569 Ft;5453;2 592 Ft;70491;535 Ft;9;15;19;24;31;33;34;3;5;13;21;28;32;33
2000;39;;0;0 Ft;56;253 164 Ft;2365;5 995 Ft;42514;889 Ft;1;3;8;10;21;23;26;1;11;12;15;16;24;28
2000;38;;1;31 612 950 Ft;89;177 601 Ft;3761;4 203 Ft;60611;695 Ft;3;5;9;10;18;19;34;5;18;21;25;26;28;29
2000;37;;1;120 422 153 Ft;136;130 042 Ft;6313;2 801 Ft;95755;493 Ft;6;7;11;14;19;29;34;2;6;11;13;21;32;35
2000;36;;0;0 Ft;90;149 453 Ft;4020;3 346 Ft;63732;563 Ft;5;8;13;15;20;26;29;3;9;11;16;17;20;30
2000;35;;0;0 Ft;65;201 148 Ft;3671;3 562 Ft;60213;579 Ft;2;3;14;26;27;34;35;4;7;20;31;32;33;35
2000;34;;2;33 189 379 Ft;109;121 003 Ft;3977;3 316 Ft;62931;559 Ft;6;10;19;22;24;25;32;1;8;9;21;25;33;35
2000;33;;2;27 332 821 Ft;96;141 944 Ft;5343;2 550 Ft;81836;444 Ft;3;13;16;18;25;26;27;4;8;9;12;18;19;33
2000;32;;0;0 Ft;81;169 213 Ft;4830;2 838 Ft;81847;447 Ft;7;22;27;29;30;32;33;4;5;19;23;25;29;32
2000;31;;3;48 295 435 Ft;146;94 463 Ft;7162;1 926 Ft;77319;476 Ft;5;7;14;19;24;30;31;1;5;8;19;32;34;35
2000;30;;0;0 Ft;90;162 805 Ft;4353;3 366 Ft;66279;590 Ft;5;7;19;20;30;31;34;8;16;17;20;26;32;33
2000;29;;0;0 Ft;142;96 305 Ft;5119;2 671 Ft;75434;483 Ft;1;3;11;14;17;22;31;10;19;22;23;30;31;33
2000;28;;0;0 Ft;112;120 655 Ft;4437;3 046 Ft;70098;514 Ft;5;6;8;11;16;19;25;7;13;14;18;20;21;26
2000;27;;0;0 Ft;106;120 852 Ft;4678;2 738 Ft;61602;555 Ft;10;12;17;19;25;30;32;1;8;10;18;28;34;35
2000;26;;2;12 652 874 Ft;164;77 152 Ft;6010;2 105 Ft;79831;423 Ft;8;13;14;15;25;30;32;3;7;13;24;29;30;33
2000;25;;1;103 713 229 Ft;50;262 702 Ft;3389;3 876 Ft;57698;607 Ft;9;14;15;19;21;32;34;6;10;24;25;27;30;33
2000;24;;0;0 Ft;121;103 632 Ft;5470;2 292 Ft;77753;430 Ft;3;5;20;23;29;34;35;1;13;17;19;23;29;32
2000;23;;0;0 Ft;77;171 182 Ft;3328;3 961 Ft;60725;579 Ft;3;8;13;14;15;18;31;10;15;18;20;27;32;34
2000;22;;0;0 Ft;110;118 192 Ft;4187;3 105 Ft;64560;537 Ft;7;10;11;21;25;28;34;1;3;12;26;27;34;35
2000;21;;1;80 953 422 Ft;44;306 790 Ft;3487;3 871 Ft;61469;586 Ft;3;4;19;20;23;26;35;1;5;7;8;14;30;34
2000;20;;0;0 Ft;124;108 401 Ft;6736;1 996 Ft;78293;458 Ft;14;24;25;27;28;29;34;4;5;6;9;13;21;33
2000;19;;0;0 Ft;103;131 419 Ft;4148;3 263 Ft;61971;582 Ft;5;6;8;19;30;32;34;11;16;23;24;28;31;34
2000;18;;1;26 049 833 Ft;176;74 005 Ft;5844;2 229 Ft;75909;458 Ft;3;12;19;21;23;26;33;2;5;11;12;16;27;30
2000;17;;1;53 796 973 Ft;162;80 467 Ft;6121;2 130 Ft;82180;423 Ft;2;3;5;11;17;19;20;1;7;13;15;18;21;30
2000;16;;0;0 Ft;133;104 232 Ft;5457;2 540 Ft;78512;471 Ft;6;7;11;18;25;29;30;7;10;13;18;23;29;30
2000;15;;1;29 971 179 Ft;321;46 684 Ft;8826;1 698 Ft;93032;430 Ft;4;10;11;26;27;31;33;2;4;8;11;12;19;22
2000;14;;1;355 098 790 Ft;155;106 602 Ft;6441;2 565 Ft;96942;455 Ft;1;2;4;7;8;22;23;3;6;7;9;12;30;31
2000;13;;0;0 Ft;105;151 634 Ft;4945;3 220 Ft;74806;568 Ft;2;11;16;30;31;33;35;6;8;17;19;22;32;33
2000;12;;0;0 Ft;166;97 730 Ft;6601;2 458 Ft;76517;565 Ft;12;27;29;31;32;33;35;1;2;8;11;21;26;35
2000;11;;0;0 Ft;117;122 144 Ft;5829;2 452 Ft;78700;484 Ft;6;14;16;17;22;25;26;3;4;13;20;22;23;29
2000;10;;0;0 Ft;123;125 775 Ft;5414;2 857 Ft;83200;496 Ft;3;7;13;14;16;17;25;21;24;25;27;30;32;35
2000;9;;0;0 Ft;66;224 388 Ft;4973;2 978 Ft;81131;487 Ft;12;16;18;20;29;30;31;7;8;9;10;14;24;28
2000;8;;0;0 Ft;64;229 246 Ft;3245;4 521 Ft;59176;661 Ft;2;3;5;20;24;31;32;11;24;26;27;28;31;33
2000;7;;0;0 Ft;99;148 398 Ft;4465;3 290 Ft;73280;535 Ft;11;14;17;23;25;30;35;2;3;7;18;26;27;32
2000;6;;0;0 Ft;72;197 900 Ft;4155;3 429 Ft;72090;527 Ft;7;12;14;15;19;20;29;1;9;10;12;14;21;28
2000;5;;0;0 Ft;75;183 545 Ft;3447;3 994 Ft;57705;636 Ft;4;10;19;22;25;26;30;1;10;11;12;14;29;31
2000;4;;0;0 Ft;85;157 748 Ft;4355;3 079 Ft;66767;536 Ft;1;3;18;29;31;34;35;1;6;11;22;24;29;31
2000;3;;0;0 Ft;168;80 501 Ft;5855;2 310 Ft;80702;447 Ft;1;3;9;11;19;23;30;12;13;26;28;29;31;33
2000;2;;1;101 681 529 Ft;119;114 215 Ft;5283;2 573 Ft;79497;456 Ft;8;13;21;22;26;28;30;9;12;17;22;24;27;35
2000;1;;0;0 Ft;100;121 237 Ft;5683;2 133 Ft;72698;445 Ft;9;12;16;18;22;23;28;6;12;13;18;20;26;28
1999;52;;0;0 Ft;112;112 403 Ft;4586;2 745 Ft;60192;558 Ft;6;7;19;25;30;32;34;12;18;20;24;28;31;34
1999;51;;0;0 Ft;53;236 535 Ft;2846;4 405 Ft;52098;642 Ft;6;13;14;16;19;33;35;3;10;14;15;24;30;34
1999;50;;1;25 465 091 Ft;55;231 501 Ft;2694;4 726 Ft;50425;673 Ft;1;3;28;31;32;33;34;9;12;13;14;15;18;34
1999;49;;2;99 764 991 Ft;117;111 496 Ft;4557;2 863 Ft;65565;531 Ft;1;9;13;18;21;26;34;9;12;16;23;28;31;35
1999;48;;0;0 Ft;75;163 545 Ft;3688;3 326 Ft;57505;569 Ft;4;9;11;20;22;28;32;11;13;16;17;20;31;35
1999;47;;0;0 Ft;103;111 940 Ft;4401;2 620 Ft;61388;501 Ft;1;2;3;4;10;17;19;2;4;6;11;14;25;33
1999;46;;0;0 Ft;81;150 116 Ft;3562;3 414 Ft;54974;590 Ft;1;4;13;15;17;20;24;1;19;22;26;29;31;35
1999;45;;0;0 Ft;56;211 091 Ft;3235;3 654 Ft;44986;701 Ft;4;5;6;26;27;29;30;4;16;17;21;24;26;32
1999;44;;0;0 Ft;48;224 268 Ft;2686;4 008 Ft;41617;690 Ft;1;2;6;10;11;20;34;11;16;18;27;30;33;35
1999;43;;0;0 Ft;83;120 743 Ft;4029;2 487 Ft;59002;453 Ft;7;11;12;19;21;33;35;2;3;6;12;13;14;31
1999;42;;0;0 Ft;49;192 605 Ft;3033;3 112 Ft;46684;539 Ft;4;5;8;16;27;29;30;4;6;7;22;24;26;28
1999;41;;0;0 Ft;55;158 537 Ft;2745;3 177 Ft;44102;527 Ft;7;8;13;16;20;25;31;12;14;18;24;31;34;35
